HLA,allele,rsid,F.Pval,F.OR,F.CI,glm.P,glm.E,glm.StdE,Case.Car,Case.Freq,Control.Car,Control.Freq,Case.Not,Control.Not,Case.Alleles,Case.Alelles.Not,Control.Alleles,Control.Alelles.Not,Case.Freq.Allele,Control.Freq.Allele,totalFreq,totalN
DRB1,DRB1_Ref_85,DRB1_Ref_85,0.00161946025432063,0.194937637989609,0.0473-0.604,0.00478750591767696,-1.6007694990766,0.567448690184353,216,0.923,247,0.984,18,4,363,105,422,80,0.776,0.841,0.954639175257732,485
DRB1,DRB1_Ref_47,DRB1_Ref_47,0.00925866852094799,0.556714220580837,0.353-0.873,0.00964591389526754,-0.573345114283739,0.221516671470533,168,0.718,206,0.821,66,45,231,237,291,211,0.494,0.58,0.771134020618557,485
DRB1,DRB1_Ref_38,DRB1_Ref_38,0.0115176666420016,0.334641121111391,0.125-0.806,0.0107325544208552,-1.11145436254766,0.43564438357616,213,0.91,243,0.968,21,8,351,117,413,89,0.75,0.823,0.94020618556701,485
DQA1,DQA1_Ref_40,DQA1_Ref_40,0.0108775952835948,0.545778565514815,0.333-0.886,0.0121736344730022,-0.603979711074901,0.240910517929057,184,0.767,217,0.858,56,36,269,211,312,194,0.56,0.617,0.813387423935091,493
DQA1,DQA1_Ref_51,DQA1_Ref_51,0.0108775952835948,0.545778565514815,0.333-0.886,0.0121736344730022,-0.603979711074901,0.240910517929057,184,0.767,217,0.858,56,36,269,211,312,194,0.56,0.617,0.813387423935091,493
DRB1,DRB1_Ref_32,DRB1_Ref_32,0.0171626214745129,0.471262846481046,0.242-0.892,0.0122212457315732,-0.787502376632672,0.314285542304659,201,0.859,233,0.928,33,18,299,169,361,141,0.639,0.719,0.894845360824742,485
DQB1,DQB1_Ref_45,DQB1_Ref_45,0.0273142474628199,0.415652403686868,0.172-0.939,0.0225420770376033,-0.908144354708169,0.398115516868699,220,0.909,241,0.96,22,10,372,112,399,103,0.769,0.795,0.935091277890466,493
DQA1,DQA1_Ref_88,DQA1_Ref_88,0.0200144292940967,0.559228221561656,0.33-0.937,0.0284680506718235,-0.560070824900634,0.255649588059924,192,0.8,222,0.877,48,31,281,199,327,179,0.585,0.646,0.839756592292089,493
DRB1,DRB1_Ref_60,DRB1_Ref_60,0.0241415758994853,0.555475437357316,0.325-0.939,0.0375534043759146,-0.540026292502051,0.259665948064444,188,0.803,221,0.88,46,30,271,197,314,188,0.579,0.625,0.843298969072165,485
DQA1,DQA1_Ref_34,DQA1_Ref_34,0.0461693104704427,0.687392132543788,0.473-0.997,0.0417185303966968,-0.375817416859926,0.184557419356767,121,0.504,151,0.597,119,102,142,338,178,328,0.296,0.352,0.551724137931035,493
DRB1,DRB1_H_13,DRB1_H_13,0.0348743810261201,0.615905935289289,0.384-0.98,0.0466640023140102,-0.462633778235042,0.232556748548676,40,0.171,63,0.251,194,188,42,426,70,432,0.0897,0.139,0.212371134020619,485
DRB1,DRB1_H_33,DRB1_H_33,0.0348743810261201,0.615905935289289,0.384-0.98,0.0466640023140102,-0.462633778235042,0.232556748548676,40,0.171,63,0.251,194,188,42,426,70,432,0.0897,0.139,0.212371134020619,485
DQA1,DQA1_L_50,DQA1_L_50,0.0468866462898504,0.695131804373403,0.478-1.01,0.0467449241952338,-0.369593509519236,0.185855756356632,97,0.404,125,0.494,143,128,108,372,139,367,0.225,0.275,0.450304259634888,493
DQA1,DQA1_R_53,DQA1_R_53,0.0468866462898504,0.695131804373403,0.478-1.01,0.0467449241952338,-0.369593509519236,0.185855756356632,97,0.404,125,0.494,143,128,108,372,139,367,0.225,0.275,0.450304259634888,493
DQA1,DQA1_S_26,DQA1_S_26,0.0957650217088012,0.732000039612724,0.499-1.07,0.0607471056054227,-0.363138201423186,0.193639451843058,82,0.342,105,0.415,158,148,88,392,115,391,0.183,0.227,0.379310344827586,493
DQA1,DQA1_Q_47,DQA1_Q_47,0.0957650217088012,0.732000039612724,0.499-1.07,0.0607471056054227,-0.363138201423186,0.193639451843058,82,0.342,105,0.415,158,148,88,392,115,391,0.183,0.227,0.379310344827586,493
DQA1,DQA1_R_56,DQA1_R_56,0.0957650217088012,0.732000039612724,0.499-1.07,0.0607471056054227,-0.363138201423186,0.193639451843058,82,0.342,105,0.415,158,148,88,392,115,391,0.183,0.227,0.379310344827586,493
DQA1,DQA1_V_76,DQA1_V_76,0.0957650217088012,0.732000039612724,0.499-1.07,0.0607471056054227,-0.363138201423186,0.193639451843058,82,0.342,105,0.415,158,148,88,392,115,391,0.183,0.227,0.379310344827586,493
DQA1,DQA1_Ref_75,DQA1_Ref_75,0.0566759667666673,0.533263763314496,0.261-1.06,0.06168146601274,-0.619658639354157,0.331620324072174,213,0.888,237,0.937,27,16,327,153,363,143,0.681,0.717,0.912778904665314,493
DQA1,DQA1_Ref_6,DQA1_Ref_6,0.0523178987179706,0.587309955716878,0.337-1.01,0.069421446200512,-0.487595898861412,0.268549166101741,198,0.825,225,0.889,42,28,299,181,343,163,0.623,0.678,0.858012170385396,493
DQA1,DQA1_Ref_7,DQA1_Ref_7,0.0523178987179706,0.587309955716878,0.337-1.01,0.069421446200512,-0.487595898861412,0.268549166101741,198,0.825,225,0.889,42,28,299,181,343,163,0.623,0.678,0.858012170385396,493
DQA1,DQA1_Ref_8,DQA1_Ref_8,0.0523178987179706,0.587309955716878,0.337-1.01,0.069421446200512,-0.487595898861412,0.268549166101741,198,0.825,225,0.889,42,28,299,181,343,163,0.623,0.678,0.858012170385396,493
DQA1,DQA1_Ref_9,DQA1_Ref_9,0.0523178987179706,0.587309955716878,0.337-1.01,0.069421446200512,-0.487595898861412,0.268549166101741,198,0.825,225,0.889,42,28,299,181,343,163,0.623,0.678,0.858012170385396,493
DQA1,DQA1_Ref_10,DQA1_Ref_10,0.0523178987179706,0.587309955716878,0.337-1.01,0.069421446200512,-0.487595898861412,0.268549166101741,198,0.825,225,0.889,42,28,299,181,343,163,0.623,0.678,0.858012170385396,493
DRB1,DRB1_Ref_71,DRB1_Ref_71,0.117313672138516,0.592920080762193,0.298-1.15,0.0760214319777212,-0.573523283333297,0.323247879420766,207,0.885,233,0.928,27,18,324,144,368,134,0.692,0.733,0.907216494845361,485
DQB1,DQB1_L_53,DQB1_L_53,0.0904489291425836,0.694909563716119,0.446-1.08,0.0809281726244811,-0.380737431052443,0.218146909907989,177,0.731,200,0.797,65,51,243,241,267,235,0.502,0.532,0.764705882352941,493
DQB1,DQB1_Q_84,DQB1_Q_84,0.0904489291425836,0.694909563716119,0.446-1.08,0.0809281726244811,-0.380737431052443,0.218146909907989,177,0.731,200,0.797,65,51,243,241,267,235,0.502,0.532,0.764705882352941,493
DQB1,DQB1_L_85,DQB1_L_85,0.0904489291425836,0.694909563716119,0.446-1.08,0.0809281726244811,-0.380737431052443,0.218146909907989,177,0.731,200,0.797,65,51,243,241,267,235,0.502,0.532,0.764705882352941,493
DQB1,DQB1_E_86,DQB1_E_86,0.0904489291425836,0.694909563716119,0.446-1.08,0.0809281726244811,-0.380737431052443,0.218146909907989,177,0.731,200,0.797,65,51,243,241,267,235,0.502,0.532,0.764705882352941,493
DQB1,DQB1_L_87,DQB1_L_87,0.0904489291425836,0.694909563716119,0.446-1.08,0.0809281726244811,-0.380737431052443,0.218146909907989,177,0.731,200,0.797,65,51,243,241,267,235,0.502,0.532,0.764705882352941,493
DQB1,DQB1_T_89,DQB1_T_89,0.0904489291425836,0.694909563716119,0.446-1.08,0.0809281726244811,-0.380737431052443,0.218146909907989,177,0.731,200,0.797,65,51,243,241,267,235,0.502,0.532,0.764705882352941,493
DQB1,DQB1_T_90,DQB1_T_90,0.0904489291425836,0.694909563716119,0.446-1.08,0.0809281726244811,-0.380737431052443,0.218146909907989,177,0.731,200,0.797,65,51,243,241,267,235,0.502,0.532,0.764705882352941,493
DRB1,DRB1_Ref_10,DRB1_Ref_10,0.0945137660763685,0.678889781397715,0.426-1.08,0.0893349074975221,-0.384936562750044,0.226577674978711,177,0.756,206,0.821,57,45,236,232,291,211,0.504,0.58,0.789690721649485,485
DQA1,DQA1_Ref_54,DQA1_Ref_54,0.095797259988915,0.591410387669676,0.304-1.13,0.101102984792299,-0.514171622318675,0.313609209860415,211,0.879,234,0.925,29,19,332,148,362,144,0.692,0.715,0.9026369168357,493
DRB1,DRB1_S_57,DRB1_S_57,0.126305841572762,0.724911934636053,0.474-1.11,0.103524941203808,-0.340563700420282,0.209191495767355,56,0.239,76,0.303,178,175,61,407,83,419,0.13,0.165,0.272164948453608,485
DQB1,DQB1_Y_30,DQB1_Y_30,0.126746396018276,0.647377390957194,0.355-1.17,0.104832826719561,-0.486523362170638,0.299978210312215,208,0.86,227,0.904,34,24,324,160,348,154,0.669,0.693,0.882352941176471,493
DQA1,DQA1_S_18,DQA1_S_18,0.106021129959886,0.729646567407806,0.493-1.08,0.105049629062938,-0.312603147540866,0.19286361035047,150,0.625,176,0.696,90,77,191,289,213,293,0.398,0.421,0.661257606490872,493
DQA1,DQA1_V_45,DQA1_V_45,0.106021129959886,0.729646567407806,0.493-1.08,0.105049629062938,-0.312603147540866,0.19286361035047,150,0.625,176,0.696,90,77,191,289,213,293,0.398,0.421,0.661257606490872,493
DQA1,DQA1_L_48,DQA1_L_48,0.106021129959886,0.729646567407806,0.493-1.08,0.105049629062938,-0.312603147540866,0.19286361035047,150,0.625,176,0.696,90,77,191,289,213,293,0.398,0.421,0.661257606490872,493
DQA1,DQA1_R_55,DQA1_R_55,0.106021129959886,0.729646567407806,0.493-1.08,0.105049629062938,-0.312603147540866,0.19286361035047,150,0.625,176,0.696,90,77,191,289,213,293,0.398,0.421,0.661257606490872,493
DQA1,DQA1_F_61,DQA1_F_61,0.106021129959886,0.729646567407806,0.493-1.08,0.105049629062938,-0.312603147540866,0.19286361035047,150,0.625,176,0.696,90,77,191,289,213,293,0.398,0.421,0.661257606490872,493
DQA1,DQA1_T_64,DQA1_T_64,0.106021129959886,0.729646567407806,0.493-1.08,0.105049629062938,-0.312603147540866,0.19286361035047,150,0.625,176,0.696,90,77,191,289,213,293,0.398,0.421,0.661257606490872,493
DQA1,DQA1_I_66,DQA1_I_66,0.106021129959886,0.729646567407806,0.493-1.08,0.105049629062938,-0.312603147540866,0.19286361035047,150,0.625,176,0.696,90,77,191,289,213,293,0.398,0.421,0.661257606490872,493
DQA1,DQA1_S_80,DQA1_S_80,0.106021129959886,0.729646567407806,0.493-1.08,0.105049629062938,-0.312603147540866,0.19286361035047,150,0.625,176,0.696,90,77,191,289,213,293,0.398,0.421,0.661257606490872,493
DRB1,DRB1_F_26,DRB1_F_26,0.101761144829347,0.677537205682629,0.414-1.1,0.106326243658221,-0.384565938886841,0.238131910712332,184,0.786,212,0.845,50,39,257,211,306,196,0.549,0.61,0.816494845360825,485
DRB1,DRB1_D_28,DRB1_D_28,0.101761144829347,0.677537205682629,0.414-1.1,0.107455591806362,-0.385465872194,0.239459122720457,184,0.786,212,0.845,50,39,254,214,296,206,0.543,0.59,0.816494845360825,485
DRB1,DRB1_Y_30,DRB1_Y_30,0.101761144829347,0.677537205682629,0.414-1.1,0.107455591806362,-0.385465872194,0.239459122720457,184,0.786,212,0.845,50,39,255,213,297,205,0.545,0.592,0.816494845360825,485
DQB1,DQB1_Ref_66,DQB1_Ref_66,0.0882865972069719,1.86011070165863,0.885-4.08,0.109038317038045,0.577463434102983,0.360344706510193,229,0.946,227,0.904,13,24,367,117,360,142,0.758,0.717,0.924949290060852,493
DQB1,DQB1_Ref_67,DQB1_Ref_67,0.0882865972069719,1.86011070165863,0.885-4.08,0.109038317038045,0.577463434102983,0.360344706510193,229,0.946,227,0.904,13,24,367,117,360,142,0.758,0.717,0.924949290060852,493
DRB1,DRB1_Ref_94,DRB1_Ref_94,0.122444268702164,0.69964881667948,0.442-1.1,0.111591425991624,-0.365226641376321,0.22954627769498,176,0.752,204,0.813,58,47,242,226,286,216,0.517,0.57,0.783505154639175,485
DRB1,DRB1_Ref_26,DRB1_Ref_26,0.17176492239286,1.31541403363979,0.88-1.97,0.126834373753984,0.305056936589827,0.199813931786009,81,0.346,72,0.287,153,179,93,375,78,424,0.199,0.155,0.315463917525773,485
DQB1,DQB1_L_56,DQB1_L_56,0.137375035385606,0.646342175853892,0.36-1.14,0.137835342623206,-0.424764897169252,0.28624892465236,25,0.103,38,0.151,217,213,25,459,39,463,0.0517,0.0777,0.127789046653144,493
DQB1,DQB1_E_70,DQB1_E_70,0.137375035385606,0.646342175853892,0.36-1.14,0.137835342623206,-0.424764897169252,0.28624892465236,25,0.103,38,0.151,217,213,25,459,39,463,0.0517,0.0777,0.127789046653144,493
DQB1,DQB1_D_71,DQB1_D_71,0.137375035385606,0.646342175853892,0.36-1.14,0.137835342623206,-0.424764897169252,0.28624892465236,25,0.103,38,0.151,217,213,25,459,39,463,0.0517,0.0777,0.127789046653144,493
DRB1,DRB1_Ref_86,DRB1_Ref_86,0.133602486415368,0.672952334031257,0.397-1.13,0.139467573906967,-0.375473490109178,0.254080001597928,191,0.816,218,0.869,43,33,264,204,314,188,0.564,0.625,0.843298969072165,485
DRB1,DRB1_H_32,DRB1_H_32,0.273730305721644,1.23597978889671,0.851-1.8,0.142069524566716,0.279178010279603,0.190159207838466,113,0.483,108,0.43,121,143,136,332,119,383,0.291,0.237,0.455670103092784,485
DQA1,DQA1_Y_11,DQA1_Y_11,0.105120890386678,0.745286255817144,0.514-1.08,0.144242977226667,-0.268351317333242,0.18378069853221,120,0.5,145,0.573,120,108,138,342,170,336,0.288,0.336,0.537525354969574,493
DRB1,DRB1_Ref_28,DRB1_Ref_28,0.265018031293559,1.24530229406042,0.851-1.82,0.147278751148884,0.277189908003987,0.19126957080313,99,0.423,93,0.371,135,158,114,354,103,399,0.244,0.205,0.395876288659794,485
DRB1,DRB1_Ref_14,DRB1_Ref_14,0.162998687822426,0.305910262005092,0.0299-1.73,0.155268389091001,-1.17861368610578,0.829328418529406,228,0.974,249,0.992,6,2,415,53,456,46,0.887,0.908,0.983505154639175,485
DRB1,DRB1_Ref_25,DRB1_Ref_25,0.162998687822426,0.305910262005092,0.0299-1.73,0.155268389091001,-1.17861368610578,0.829328418529406,228,0.974,249,0.992,6,2,415,53,456,46,0.887,0.908,0.983505154639175,485
DRB1,DRB1_Ref_70,DRB1_Ref_70,0.120346433455685,0.745681859087717,0.512-1.08,0.157865877121258,-0.263626691305783,0.18666669582822,121,0.517,148,0.59,113,103,145,323,175,327,0.31,0.349,0.554639175257732,485
DQB1,DQB1_L_23,DQB1_L_23,0.149364349333106,0.650879026315657,0.345-1.21,0.161297258298932,-0.428165182121185,0.305674659188473,21,0.0868,32,0.127,221,219,21,463,33,469,0.0434,0.0657,0.107505070993915,493
DQA1,DQA1_R_52,DQA1_R_52,0.199006405838231,0.786738673324627,0.539-1.15,0.166367106538561,-0.257309645568652,0.185921169619996,137,0.571,159,0.628,103,94,171,309,189,317,0.356,0.374,0.600405679513185,493
DRB1,DRB1_Ref_40,DRB1_Ref_40,0.2014826376402,0.230636558209364,0.00466-2.35,0.169317000867433,-1.55543745644646,1.13171966240144,230,0.983,250,0.996,4,1,423,45,471,31,0.904,0.938,0.989690721649485,485
DQB1,DQB1_G_86,DQB1_G_86,0.342999785204994,1.65816553482194,0.576-5.14,0.171278424779003,0.692371840175867,0.506079991985946,11,0.0455,7,0.0279,231,244,13,471,7,495,0.0269,0.0139,0.0365111561866126,493
DRB1,DRB1_Y_37,DRB1_Y_37,0.200010989613503,0.783161915336499,0.537-1.14,0.172601348470736,-0.25774075438758,0.188974367452272,95,0.406,117,0.466,139,134,109,359,141,361,0.233,0.281,0.437113402061856,485
DRB1,DRB1_Ref_58,DRB1_Ref_58,0.162998687822426,0.305910262005092,0.0299-1.73,0.173303979912044,-1.13006354393637,0.829913715397713,228,0.974,249,0.992,6,2,412,56,459,43,0.88,0.914,0.983505154639175,485
DRB1,DRB1_V_11,DRB1_V_11,0.141505276487544,0.721101913317566,0.465-1.11,0.179039254681037,-0.290461752328982,0.21616256187398,51,0.218,70,0.279,183,181,54,414,79,423,0.115,0.157,0.249484536082474,485
DRB1,DRB1_Y_10,DRB1_Y_10,0.222754874686416,1.27121103896804,0.865-1.87,0.18109428531785,0.25434500569927,0.190179659785026,153,0.654,150,0.598,81,101,187,281,180,322,0.4,0.359,0.624742268041237,485
DRB1,DRB1_S_11,DRB1_S_11,0.222754874686416,1.27121103896804,0.865-1.87,0.18109428531785,0.25434500569927,0.190179659785026,153,0.654,150,0.598,81,101,187,281,180,322,0.4,0.359,0.624742268041237,485
DRB1,DRB1_T_12,DRB1_T_12,0.222754874686416,1.27121103896804,0.865-1.87,0.18109428531785,0.25434500569927,0.190179659785026,153,0.654,150,0.598,81,101,187,281,180,322,0.4,0.359,0.624742268041237,485
DRB1,DRB1_Ref_12,DRB1_Ref_12,0.160896196022371,0.716239702457742,0.438-1.17,0.181497929251758,-0.317273712255934,0.237452401256275,185,0.791,211,0.841,49,40,248,220,300,202,0.53,0.598,0.816494845360825,485
DQB1,DQB1_D_66,DQB1_D_66,0.169869752786333,0.772899718196389,0.53-1.13,0.183347529765653,-0.251592394977139,0.18909351119724,91,0.376,110,0.438,151,141,103,381,123,379,0.213,0.245,0.407707910750507,493
DQB1,DQB1_I_67,DQB1_I_67,0.169869752786333,0.772899718196389,0.53-1.13,0.183347529765653,-0.251592394977139,0.18909351119724,91,0.376,110,0.438,151,141,103,381,123,379,0.213,0.245,0.407707910750507,493
DQB1,DQB1_Ref_23,DQB1_Ref_23,0.216357420495892,4.88509006337813,0.541-232,0.195504459319524,1.43520734146297,1.10872529009564,241,0.996,246,0.98,1,5,449,35,450,52,0.928,0.896,0.987829614604463,493
DQB1,DQB1_Ref_56,DQB1_Ref_56,0.216357420495892,4.88509006337813,0.541-232,0.195504459319524,1.43520734146297,1.10872529009564,241,0.996,246,0.98,1,5,445,39,444,58,0.919,0.884,0.987829614604463,493
DQB1,DQB1_Amb_6,DQB1_Amb_6,0.109536117998998,1.39226331431524,0.921-2.11,0.205801572219168,0.266089395310514,0.210314991914164,182,0.752,172,0.685,60,79,247,237,229,273,0.51,0.456,0.718052738336714,493
DQB1,DQB1_Amb_7,DQB1_Amb_7,0.109536117998998,1.39226331431524,0.921-2.11,0.205801572219168,0.266089395310514,0.210314991914164,182,0.752,172,0.685,60,79,247,237,229,273,0.51,0.456,0.718052738336714,493
DQB1,DQB1_Amb_8,DQB1_Amb_8,0.109536117998998,1.39226331431524,0.921-2.11,0.205801572219168,0.266089395310514,0.210314991914164,182,0.752,172,0.685,60,79,247,237,229,273,0.51,0.456,0.718052738336714,493
DQA1,DQA1_L_69,DQA1_L_69,0.177097172660573,0.779973879507958,0.539-1.13,0.209258103413091,-0.229347704561447,0.182658673292431,116,0.483,138,0.545,124,115,133,347,162,344,0.277,0.32,0.515212981744422,493
DQB1,DQB1_Ref_84,DQB1_Ref_84,0.241228527525441,1.23878305883967,0.855-1.8,0.213476659781899,0.230570078419637,0.185336450583954,117,0.483,108,0.43,125,143,139,345,125,377,0.287,0.249,0.456389452332657,493
DQB1,DQB1_Ref_85,DQB1_Ref_85,0.241228527525441,1.23878305883967,0.855-1.8,0.213476659781899,0.230570078419637,0.185336450583954,117,0.483,108,0.43,125,143,139,345,125,377,0.287,0.249,0.456389452332657,493
DQB1,DQB1_Ref_89,DQB1_Ref_89,0.241228527525441,1.23878305883967,0.855-1.8,0.213476659781899,0.230570078419637,0.185336450583954,117,0.483,108,0.43,125,143,139,345,125,377,0.287,0.249,0.456389452332657,493
DQB1,DQB1_Ref_90,DQB1_Ref_90,0.241228527525441,1.23878305883967,0.855-1.8,0.213476659781899,0.230570078419637,0.185336450583954,117,0.483,108,0.43,125,143,139,345,125,377,0.287,0.249,0.456389452332657,493
DRB1,DRB1_E_10,DRB1_E_10,0.362069303638799,1.64021036722118,0.604-4.72,0.230185775687712,0.568124405139704,0.473484177204396,12,0.0513,8,0.0319,222,243,12,456,9,493,0.0256,0.0179,0.0412371134020619,485
DRB1,DRB1_R_30,DRB1_R_30,0.362069303638799,1.64021036722118,0.604-4.72,0.230185775687712,0.568124405139704,0.473484177204396,12,0.0513,8,0.0319,222,243,12,456,9,493,0.0256,0.0179,0.0412371134020619,485
DRB1,DRB1_V_31,DRB1_V_31,0.362069303638799,1.64021036722118,0.604-4.72,0.230185775687712,0.568124405139704,0.473484177204396,12,0.0513,8,0.0319,222,243,12,456,9,493,0.0256,0.0179,0.0412371134020619,485
DRB1,DRB1_A_38,DRB1_A_38,0.362069303638799,1.64021036722118,0.604-4.72,0.230185775687712,0.568124405139704,0.473484177204396,12,0.0513,8,0.0319,222,243,12,456,9,493,0.0256,0.0179,0.0412371134020619,485
DRB1,DRB1_Y_40,DRB1_Y_40,0.362069303638799,1.64021036722118,0.604-4.72,0.230185775687712,0.568124405139704,0.473484177204396,12,0.0513,8,0.0319,222,243,12,456,9,493,0.0256,0.0179,0.0412371134020619,485
DQB1,DQB1_Ref_10,DQB1_Ref_10,0.277076915942401,1.72596385866664,0.661-4.84,0.230922360413173,0.544069829697147,0.454153642042215,234,0.967,237,0.944,8,14,382,102,392,110,0.789,0.781,0.955375253549696,493
DQB1,DQB1_Ref_11,DQB1_Ref_11,0.277076915942401,1.72596385866664,0.661-4.84,0.230922360413173,0.544069829697147,0.454153642042215,234,0.967,237,0.944,8,14,382,102,392,110,0.789,0.781,0.955375253549696,493
DQB1,DQB1_Ref_12,DQB1_Ref_12,0.277076915942401,1.72596385866664,0.661-4.84,0.230922360413173,0.544069829697147,0.454153642042215,234,0.967,237,0.944,8,14,382,102,392,110,0.789,0.781,0.955375253549696,493
DQB1,DQB1_Ref_81,DQB1_Ref_81,0.277076915942401,1.72596385866664,0.661-4.84,0.230922360413173,0.544069829697147,0.454153642042215,234,0.967,237,0.944,8,14,382,102,392,110,0.789,0.781,0.955375253549696,493
DQB1,DQB1_Ref_82,DQB1_Ref_82,0.277076915942401,1.72596385866664,0.661-4.84,0.230922360413173,0.544069829697147,0.454153642042215,234,0.967,237,0.944,8,14,382,102,392,110,0.789,0.781,0.955375253549696,493
DQB1,DQB1_Ref_83,DQB1_Ref_83,0.277076915942401,1.72596385866664,0.661-4.84,0.230922360413173,0.544069829697147,0.454153642042215,234,0.967,237,0.944,8,14,382,102,392,110,0.789,0.781,0.955375253549696,493
DQB1,DQB1_Ref_88,DQB1_Ref_88,0.277076915942401,1.72596385866664,0.661-4.84,0.230922360413173,0.544069829697147,0.454153642042215,234,0.967,237,0.944,8,14,382,102,392,110,0.789,0.781,0.955375253549696,493
DQB1,DQB1_Ref_91,DQB1_Ref_91,0.277076915942401,1.72596385866664,0.661-4.84,0.230922360413173,0.544069829697147,0.454153642042215,234,0.967,237,0.944,8,14,382,102,392,110,0.789,0.781,0.955375253549696,493
DQB1,DQB1_Ref_92,DQB1_Ref_92,0.277076915942401,1.72596385866664,0.661-4.84,0.230922360413173,0.544069829697147,0.454153642042215,234,0.967,237,0.944,8,14,382,102,392,110,0.789,0.781,0.955375253549696,493
DQB1,DQB1_Ref_93,DQB1_Ref_93,0.277076915942401,1.72596385866664,0.661-4.84,0.230922360413173,0.544069829697147,0.454153642042215,234,0.967,237,0.944,8,14,382,102,392,110,0.789,0.781,0.955375253549696,493
DQA1,DQA1_Ref_25,DQA1_Ref_25,0.208169817278899,0.764313858979465,0.494-1.18,0.23204578384067,-0.257747713385877,0.215669409161516,176,0.733,198,0.783,64,55,246,234,278,228,0.512,0.549,0.758620689655172,493
DRB1,DRB1_F_47,DRB1_F_47,0.298664022379489,1.2352746073583,0.838-1.82,0.238953244119206,0.226682840759351,0.192494444363628,155,0.662,154,0.614,79,97,204,264,189,313,0.436,0.376,0.637113402061856,485
DRB1,DRB1_Ref_88,DRB1_Ref_88,0.251505570145336,0.692872935379436,0.376-1.26,0.240563157210279,-0.358008551420395,0.305056703243179,203,0.868,227,0.904,31,24,308,160,352,150,0.658,0.701,0.88659793814433,485
DRB1,DRB1_Ref_89,DRB1_Ref_89,0.251505570145336,0.692872935379436,0.376-1.26,0.240563157210279,-0.358008551420395,0.305056703243179,203,0.868,227,0.904,31,24,308,160,352,150,0.658,0.701,0.88659793814433,485
DRB1,DRB1_Ref_90,DRB1_Ref_90,0.251505570145336,0.692872935379436,0.376-1.26,0.240563157210279,-0.358008551420395,0.305056703243179,203,0.868,227,0.904,31,24,308,160,352,150,0.658,0.701,0.88659793814433,485
DRB1,DRB1_Ref_91,DRB1_Ref_91,0.251505570145336,0.692872935379436,0.376-1.26,0.240563157210279,-0.358008551420395,0.305056703243179,203,0.868,227,0.904,31,24,308,160,352,150,0.658,0.701,0.88659793814433,485
DRB1,DRB1_E_74,DRB1_E_74,0.354517759976649,0.838404011554189,0.572-1.23,0.245606505218126,-0.221066685957279,0.190396308474419,88,0.376,105,0.418,146,146,98,370,121,381,0.209,0.241,0.397938144329897,485
DRB1,DRB1_V_86,DRB1_V_86,0.310030151202898,1.21011290027241,0.828-1.77,0.245681900015986,0.220940585268443,0.190318091386452,145,0.62,144,0.574,89,107,171,297,166,336,0.365,0.331,0.595876288659794,485
DQB1,DQB1_P_55,DQB1_P_55,0.388852295060509,0.833091175905089,0.562-1.23,0.247490002027336,-0.228722249784283,0.197776641088377,157,0.649,173,0.689,85,78,200,284,212,290,0.413,0.422,0.669371196754564,493
DRB1,DRB1_Ref_6,DRB1_Ref_6,0.269146375025939,0.685196559128469,0.346-1.34,0.251677078761507,-0.379063219710793,0.330688340950301,209,0.893,232,0.924,25,19,330,138,369,133,0.705,0.735,0.909278350515464,485
DRB1,DRB1_H_30,DRB1_H_30,0.249484651175233,1.28065461671688,0.831-1.98,0.260660359491584,0.241750591810666,0.214921567564218,64,0.274,57,0.227,170,194,72,396,58,444,0.154,0.116,0.249484536082474,485
DRB1,DRB1_L_37,DRB1_L_37,0.249484651175233,1.28065461671688,0.831-1.98,0.260660359491584,0.241750591810666,0.214921567564218,64,0.274,57,0.227,170,194,72,396,58,444,0.154,0.116,0.249484536082474,485
DRB1,DRB1_L_38,DRB1_L_38,0.249484651175233,1.28065461671688,0.831-1.98,0.260660359491584,0.241750591810666,0.214921567564218,64,0.274,57,0.227,170,194,72,396,58,444,0.154,0.116,0.249484536082474,485
DRB1,DRB1_A_85,DRB1_A_85,0.249484651175233,1.28065461671688,0.831-1.98,0.260660359491584,0.241750591810666,0.214921567564218,64,0.274,57,0.227,170,194,72,396,58,444,0.154,0.116,0.249484536082474,485
DQB1,DQB1_F_87,DQB1_F_87,0.402341403488432,1.27079357119674,0.704-2.31,0.263915136127532,0.326359302950111,0.292126404210477,31,0.128,26,0.104,211,225,32,452,28,474,0.0661,0.0558,0.115618661257607,493
DQA1,DQA1_Ref_41,DQA1_Ref_41,0.238502308131022,0.693460875111595,0.367-1.29,0.272431014984296,-0.331317410620457,0.301888866619982,211,0.879,231,0.913,29,22,319,161,345,161,0.665,0.682,0.896551724137931,493
DRB1,DRB1_Ref_92,DRB1_Ref_92,0.266718763458173,0.729925658198075,0.403-1.31,0.303087239307627,-0.304433993636602,0.295614200172194,202,0.863,225,0.896,32,26,303,165,346,156,0.647,0.689,0.880412371134021,485
DRB1,DRB1_Ref_93,DRB1_Ref_93,0.266718763458173,0.729925658198075,0.403-1.31,0.303087239307627,-0.304433993636602,0.295614200172194,202,0.863,225,0.896,32,26,303,165,346,156,0.647,0.689,0.880412371134021,485
DRB1,DRB1_Ref_57,DRB1_Ref_57,0.199461027616803,0.7734316730136,0.514-1.16,0.306331704101219,-0.206872176804424,0.202231066653826,157,0.671,182,0.725,77,69,210,258,231,271,0.449,0.46,0.698969072164949,485
DRB1,DRB1_R_74,DRB1_R_74,0.475728296389764,1.31037198172326,0.607-2.87,0.308858183646802,0.390843915498689,0.384076173955182,18,0.0769,15,0.0598,216,236,18,450,15,487,0.0385,0.0299,0.0680412371134021,485
DRB1,DRB1_N_77,DRB1_N_77,0.475728296389764,1.31037198172326,0.607-2.87,0.308858183646802,0.390843915498689,0.384076173955182,18,0.0769,15,0.0598,216,236,18,450,15,487,0.0385,0.0299,0.0680412371134021,485
DRB1,DRB1_K_71,DRB1_K_71,0.496916758590938,1.28574675169613,0.621-2.69,0.313500334162129,0.362638596644909,0.359794617356768,20,0.0855,17,0.0677,214,234,20,448,17,485,0.0427,0.0339,0.0762886597938144,485
DRB1,DRB1_K_9,DRB1_K_9,0.484682686157501,0.867129765549131,0.573-1.31,0.318179640729576,-0.204565087516327,0.204932805930793,64,0.274,76,0.303,170,175,67,401,81,421,0.143,0.161,0.288659793814433,485
DRB1,DRB1_D_11,DRB1_D_11,0.484682686157501,0.867129765549131,0.573-1.31,0.318179640729576,-0.204565087516327,0.204932805930793,64,0.274,76,0.303,170,175,67,401,81,421,0.143,0.161,0.288659793814433,485
DRB1,DRB1_H_28,DRB1_H_28,0.484682686157501,0.867129765549131,0.573-1.31,0.318179640729576,-0.204565087516327,0.204932805930793,64,0.274,76,0.303,170,175,67,401,81,421,0.143,0.161,0.288659793814433,485
DRB1,DRB1_G_30,DRB1_G_30,0.484682686157501,0.867129765549131,0.573-1.31,0.318179640729576,-0.204565087516327,0.204932805930793,64,0.274,76,0.303,170,175,67,401,81,421,0.143,0.161,0.288659793814433,485
DQA1,DQA1_Ref_11,DQA1_Ref_11,0.319926120510722,0.822613559555087,0.568-1.19,0.320690970643185,-0.182306086399997,0.183584022932592,124,0.517,143,0.565,116,110,161,319,173,333,0.335,0.342,0.54158215010142,493
DQA1,DQA1_Ref_18,DQA1_Ref_18,0.319926120510722,0.822613559555087,0.568-1.19,0.320690970643185,-0.182306086399997,0.183584022932592,124,0.517,143,0.565,116,110,161,319,173,333,0.335,0.342,0.54158215010142,493
DQA1,DQA1_Ref_45,DQA1_Ref_45,0.319926120510722,0.822613559555087,0.568-1.19,0.320690970643185,-0.182306086399997,0.183584022932592,124,0.517,143,0.565,116,110,161,319,173,333,0.335,0.342,0.54158215010142,493
DQA1,DQA1_Ref_47,DQA1_Ref_47,0.319926120510722,0.822613559555087,0.568-1.19,0.320690970643185,-0.182306086399997,0.183584022932592,124,0.517,143,0.565,116,110,161,319,173,333,0.335,0.342,0.54158215010142,493
DQA1,DQA1_Ref_48,DQA1_Ref_48,0.319926120510722,0.822613559555087,0.568-1.19,0.320690970643185,-0.182306086399997,0.183584022932592,124,0.517,143,0.565,116,110,161,319,173,333,0.335,0.342,0.54158215010142,493
DQA1,DQA1_Ref_50,DQA1_Ref_50,0.319926120510722,0.822613559555087,0.568-1.19,0.320690970643185,-0.182306086399997,0.183584022932592,124,0.517,143,0.565,116,110,161,319,173,333,0.335,0.342,0.54158215010142,493
DQA1,DQA1_Ref_52,DQA1_Ref_52,0.319926120510722,0.822613559555087,0.568-1.19,0.320690970643185,-0.182306086399997,0.183584022932592,124,0.517,143,0.565,116,110,161,319,173,333,0.335,0.342,0.54158215010142,493
DQA1,DQA1_Ref_53,DQA1_Ref_53,0.319926120510722,0.822613559555087,0.568-1.19,0.320690970643185,-0.182306086399997,0.183584022932592,124,0.517,143,0.565,116,110,161,319,173,333,0.335,0.342,0.54158215010142,493
DQA1,DQA1_Ref_55,DQA1_Ref_55,0.319926120510722,0.822613559555087,0.568-1.19,0.320690970643185,-0.182306086399997,0.183584022932592,124,0.517,143,0.565,116,110,161,319,173,333,0.335,0.342,0.54158215010142,493
DQA1,DQA1_Ref_56,DQA1_Ref_56,0.319926120510722,0.822613559555087,0.568-1.19,0.320690970643185,-0.182306086399997,0.183584022932592,124,0.517,143,0.565,116,110,161,319,173,333,0.335,0.342,0.54158215010142,493
DQA1,DQA1_Ref_61,DQA1_Ref_61,0.319926120510722,0.822613559555087,0.568-1.19,0.320690970643185,-0.182306086399997,0.183584022932592,124,0.517,143,0.565,116,110,161,319,173,333,0.335,0.342,0.54158215010142,493
DQA1,DQA1_Ref_64,DQA1_Ref_64,0.319926120510722,0.822613559555087,0.568-1.19,0.320690970643185,-0.182306086399997,0.183584022932592,124,0.517,143,0.565,116,110,161,319,173,333,0.335,0.342,0.54158215010142,493
DQA1,DQA1_Ref_66,DQA1_Ref_66,0.319926120510722,0.822613559555087,0.568-1.19,0.320690970643185,-0.182306086399997,0.183584022932592,124,0.517,143,0.565,116,110,161,319,173,333,0.335,0.342,0.54158215010142,493
DQA1,DQA1_Ref_69,DQA1_Ref_69,0.319926120510722,0.822613559555087,0.568-1.19,0.320690970643185,-0.182306086399997,0.183584022932592,124,0.517,143,0.565,116,110,161,319,173,333,0.335,0.342,0.54158215010142,493
DQA1,DQA1_Ref_76,DQA1_Ref_76,0.319926120510722,0.822613559555087,0.568-1.19,0.320690970643185,-0.182306086399997,0.183584022932592,124,0.517,143,0.565,116,110,161,319,173,333,0.335,0.342,0.54158215010142,493
DQA1,DQA1_Ref_80,DQA1_Ref_80,0.319926120510722,0.822613559555087,0.568-1.19,0.320690970643185,-0.182306086399997,0.183584022932592,124,0.517,143,0.565,116,110,161,319,173,333,0.335,0.342,0.54158215010142,493
DQB1,DQB1_T_77,DQB1_T_77,0.386981636572386,0.747582741638354,0.404-1.37,0.32307458481879,-0.304120165649373,0.307764277073113,212,0.876,227,0.904,30,24,330,154,354,148,0.682,0.705,0.890466531440162,493
DQB1,DQB1_Amb_13,DQB1_Amb_13,0.37081513603981,1.36107609264102,0.726-2.58,0.323342426941082,0.2986046263773,0.302349964897041,28,0.116,22,0.0876,214,229,28,456,23,479,0.0579,0.0458,0.101419878296146,493
DQB1,DQB1_Amb_14,DQB1_Amb_14,0.37081513603981,1.36107609264102,0.726-2.58,0.323342426941082,0.2986046263773,0.302349964897041,28,0.116,22,0.0876,214,229,28,456,23,479,0.0579,0.0458,0.101419878296146,493
DQB1,DQB1_Amb_15,DQB1_Amb_15,0.37081513603981,1.36107609264102,0.726-2.58,0.323342426941082,0.2986046263773,0.302349964897041,28,0.116,22,0.0876,214,229,28,456,23,479,0.0579,0.0458,0.101419878296146,493
DQB1,DQB1_Amb_16,DQB1_Amb_16,0.37081513603981,1.36107609264102,0.726-2.58,0.323342426941082,0.2986046263773,0.302349964897041,28,0.116,22,0.0876,214,229,28,456,23,479,0.0579,0.0458,0.101419878296146,493
DQB1,DQB1_Amb_17,DQB1_Amb_17,0.37081513603981,1.36107609264102,0.726-2.58,0.323342426941082,0.2986046263773,0.302349964897041,28,0.116,22,0.0876,214,229,28,456,23,479,0.0579,0.0458,0.101419878296146,493
DQB1,DQB1_Amb_18,DQB1_Amb_18,0.37081513603981,1.36107609264102,0.726-2.58,0.323342426941082,0.2986046263773,0.302349964897041,28,0.116,22,0.0876,214,229,28,456,23,479,0.0579,0.0458,0.101419878296146,493
DQB1,DQB1_Amb_19,DQB1_Amb_19,0.37081513603981,1.36107609264102,0.726-2.58,0.323342426941082,0.2986046263773,0.302349964897041,28,0.116,22,0.0876,214,229,28,456,23,479,0.0579,0.0458,0.101419878296146,493
DQB1,DQB1_Amb_20,DQB1_Amb_20,0.37081513603981,1.36107609264102,0.726-2.58,0.323342426941082,0.2986046263773,0.302349964897041,28,0.116,22,0.0876,214,229,28,456,23,479,0.0579,0.0458,0.101419878296146,493
DQB1,DQB1_Amb_70,DQB1_Amb_70,0.37081513603981,1.36107609264102,0.726-2.58,0.323342426941082,0.2986046263773,0.302349964897041,28,0.116,22,0.0876,214,229,28,456,23,479,0.0579,0.0458,0.101419878296146,493
DQB1,DQB1_Amb_71,DQB1_Amb_71,0.37081513603981,1.36107609264102,0.726-2.58,0.323342426941082,0.2986046263773,0.302349964897041,28,0.116,22,0.0876,214,229,28,456,23,479,0.0579,0.0458,0.101419878296146,493
DQB1,DQB1_Amb_72,DQB1_Amb_72,0.37081513603981,1.36107609264102,0.726-2.58,0.323342426941082,0.2986046263773,0.302349964897041,28,0.116,22,0.0876,214,229,28,456,23,479,0.0579,0.0458,0.101419878296146,493
DQB1,DQB1_Amb_73,DQB1_Amb_73,0.37081513603981,1.36107609264102,0.726-2.58,0.323342426941082,0.2986046263773,0.302349964897041,28,0.116,22,0.0876,214,229,28,456,23,479,0.0579,0.0458,0.101419878296146,493
DQB1,DQB1_Amb_74,DQB1_Amb_74,0.37081513603981,1.36107609264102,0.726-2.58,0.323342426941082,0.2986046263773,0.302349964897041,28,0.116,22,0.0876,214,229,28,456,23,479,0.0579,0.0458,0.101419878296146,493
DQB1,DQB1_Amb_75,DQB1_Amb_75,0.37081513603981,1.36107609264102,0.726-2.58,0.323342426941082,0.2986046263773,0.302349964897041,28,0.116,22,0.0876,214,229,28,456,23,479,0.0579,0.0458,0.101419878296146,493
DQB1,DQB1_Amb_76,DQB1_Amb_76,0.37081513603981,1.36107609264102,0.726-2.58,0.323342426941082,0.2986046263773,0.302349964897041,28,0.116,22,0.0876,214,229,28,456,23,479,0.0579,0.0458,0.101419878296146,493
DQB1,DQB1_Amb_77,DQB1_Amb_77,0.37081513603981,1.36107609264102,0.726-2.58,0.323342426941082,0.2986046263773,0.302349964897041,28,0.116,22,0.0876,214,229,28,456,23,479,0.0579,0.0458,0.101419878296146,493
DQB1,DQB1_Amb_78,DQB1_Amb_78,0.37081513603981,1.36107609264102,0.726-2.58,0.323342426941082,0.2986046263773,0.302349964897041,28,0.116,22,0.0876,214,229,28,456,23,479,0.0579,0.0458,0.101419878296146,493
DQB1,DQB1_Amb_79,DQB1_Amb_79,0.37081513603981,1.36107609264102,0.726-2.58,0.323342426941082,0.2986046263773,0.302349964897041,28,0.116,22,0.0876,214,229,28,456,23,479,0.0579,0.0458,0.101419878296146,493
DQB1,DQB1_Amb_80,DQB1_Amb_80,0.37081513603981,1.36107609264102,0.726-2.58,0.323342426941082,0.2986046263773,0.302349964897041,28,0.116,22,0.0876,214,229,28,456,23,479,0.0579,0.0458,0.101419878296146,493
DRB1,DRB1_V_78,DRB1_V_78,0.395176371065354,0.839051811446628,0.569-1.24,0.325696306807682,-0.187599300534523,0.190878701372881,80,0.342,96,0.382,154,155,87,381,105,397,0.186,0.209,0.362886597938144,485
DQB1,DQB1_M_14,DQB1_M_14,0.333368384567174,0.702225100246231,0.349-1.39,0.331627443615381,-0.325973883395136,0.335764425753824,218,0.901,233,0.928,24,18,348,136,370,132,0.719,0.737,0.914807302231237,493
DRB1,DRB1_Ref_67,DRB1_Ref_67,0.274977061673514,0.807856410751931,0.556-1.17,0.33280628288207,-0.179796458878354,0.185648693356007,105,0.449,126,0.502,129,125,121,347,149,353,0.259,0.297,0.476288659793814,485
DQB1,DQB1_Ref_55,DQB1_Ref_55,0.334378729890082,0.810842796687463,0.518-1.27,0.334801265120853,-0.210987690853468,0.218756133932374,183,0.756,199,0.793,59,52,252,232,255,247,0.521,0.508,0.774847870182556,493
DQB1,DQB1_Ref_37,DQB1_Ref_37,0.351329061787485,1.68383801934895,0.599-5.14,0.335039295845382,0.47169703493751,0.489305564547195,235,0.971,239,0.952,7,12,392,92,399,103,0.81,0.795,0.961460446247465,493
DQA1,DQA1_Amb_88,DQA1_Amb_88,0.403996320629202,1.19622806381649,0.777-1.84,0.343892014317244,0.211337632287049,0.223282544158911,63,0.262,58,0.229,177,195,71,409,59,447,0.148,0.117,0.245436105476673,493
DRB1,DRB1_Amb_94,DRB1_Amb_94,0.450365371544263,1.1695108338642,0.794-1.72,0.353755151407503,0.18178888909104,0.196034704099915,153,0.654,155,0.618,81,96,193,275,194,308,0.412,0.386,0.635051546391753,485
DQB1,DQB1_A_38,DQB1_A_38,0.368523347557403,0.800550277589944,0.501-1.27,0.359906563197752,-0.216781514016807,0.236779135089236,189,0.781,205,0.817,53,46,270,214,286,216,0.558,0.57,0.799188640973631,493
DRB1,DRB1_G_13,DRB1_G_13,0.311961498341046,1.20592645619181,0.826-1.76,0.360578497531822,0.170697682944536,0.186705163123227,102,0.436,98,0.39,132,153,113,355,108,394,0.241,0.215,0.412371134020619,485
DRB1,DRB1_Y_16,DRB1_Y_16,0.311961498341046,1.20592645619181,0.826-1.76,0.360578497531822,0.170697682944536,0.186705163123227,102,0.436,98,0.39,132,153,113,355,108,394,0.241,0.215,0.412371134020619,485
DRB1,DRB1_Ref_77,DRB1_Ref_77,0.435552504814423,0.462557659068621,0.0415-3.26,0.368233218946023,-0.790171487902869,0.878175430769185,230,0.983,249,0.992,4,2,417,51,465,37,0.891,0.926,0.987628865979381,485
DRB1,DRB1_D_70,DRB1_D_70,0.39108919790854,1.18198937759518,0.798-1.75,0.377935108356852,0.170930008924814,0.193862529551639,158,0.675,160,0.637,76,91,194,274,198,304,0.415,0.394,0.655670103092784,485
DRB1,DRB1_Ref_37,DRB1_Ref_37,0.407245075427127,0.856691012924042,0.586-1.25,0.384636090615065,-0.162636507948331,0.187070560090786,91,0.389,107,0.426,143,144,115,353,124,378,0.246,0.247,0.408247422680412,485
DQB1,DQB1_Ref_70,DQB1_Ref_70,0.412382275813642,1.17695359040503,0.811-1.71,0.388364914971384,0.160552477459332,0.186129156436272,108,0.446,102,0.406,134,149,126,358,118,384,0.26,0.235,0.425963488843813,493
DQB1,DQB1_Ref_86,DQB1_Ref_86,0.412382275813642,1.17695359040503,0.811-1.71,0.388364914971384,0.160552477459332,0.186129156436272,108,0.446,102,0.406,134,149,126,358,118,384,0.26,0.235,0.425963488843813,493
DQB1,DQB1_D_37,DQB1_D_37,0.530191743619127,0.861800367670021,0.559-1.33,0.39066937099002,-0.183097947267103,0.213300413878349,56,0.231,65,0.259,186,186,60,424,68,434,0.124,0.135,0.245436105476673,493
DQA1,DQA1_Amb_6,DQA1_Amb_6,0.352089470969961,1.25536469976927,0.774-2.04,0.392431577376233,0.21029884296796,0.2459014351373,48,0.2,42,0.166,192,211,53,427,43,463,0.11,0.085,0.182555780933063,493
DQA1,DQA1_Amb_7,DQA1_Amb_7,0.352089470969961,1.25536469976927,0.774-2.04,0.392431577376233,0.21029884296796,0.2459014351373,48,0.2,42,0.166,192,211,53,427,43,463,0.11,0.085,0.182555780933063,493
DQA1,DQA1_Amb_8,DQA1_Amb_8,0.352089470969961,1.25536469976927,0.774-2.04,0.392431577376233,0.21029884296796,0.2459014351373,48,0.2,42,0.166,192,211,53,427,43,463,0.11,0.085,0.182555780933063,493
DQA1,DQA1_Amb_9,DQA1_Amb_9,0.352089470969961,1.25536469976927,0.774-2.04,0.392431577376233,0.21029884296796,0.2459014351373,48,0.2,42,0.166,192,211,53,427,43,463,0.11,0.085,0.182555780933063,493
DQA1,DQA1_Amb_10,DQA1_Amb_10,0.352089470969961,1.25536469976927,0.774-2.04,0.392431577376233,0.21029884296796,0.2459014351373,48,0.2,42,0.166,192,211,53,427,43,463,0.11,0.085,0.182555780933063,493
DQA1,DQA1_Amb_11,DQA1_Amb_11,0.352089470969961,1.25536469976927,0.774-2.04,0.392431577376233,0.21029884296796,0.2459014351373,48,0.2,42,0.166,192,211,53,427,43,463,0.11,0.085,0.182555780933063,493
DRB1,DRB1_G_73,DRB1_G_73,0.706639485970644,1.12107971333891,0.664-1.89,0.39305917776375,0.225715402387956,0.264278162637285,38,0.162,37,0.147,196,214,38,430,39,463,0.0812,0.0777,0.154639175257732,485
DRB1,DRB1_S_13,DRB1_S_13,0.613981772076612,1.12512512220359,0.743-1.7,0.403760608682505,0.173719748874535,0.20806658897636,69,0.295,68,0.271,165,183,74,394,72,430,0.158,0.143,0.282474226804124,485
DRB1,DRB1_Ref_5,DRB1_Ref_5,0.624374134754004,0.355508915543417,0.00674-4.46,0.425361910481873,-0.934257506482104,1.17199203355289,1,0.00427,3,0.012,233,248,1,467,3,499,0.00214,0.00598,0.00824742268041237,485
DRB1,DRB1_Ref_95,DRB1_Ref_95,0.624374134754004,0.355508915543417,0.00674-4.46,0.425361910481873,-0.934257506482104,1.17199203355289,1,0.00427,3,0.012,233,248,1,467,3,499,0.00214,0.00598,0.00824742268041237,485
DQA1,DQA1_Ref_26,DQA1_Ref_26,0.658739699662901,1.11087317597035,0.703-1.76,0.430794772225798,0.18103807432767,0.229792636598149,192,0.8,198,0.783,48,55,264,216,271,235,0.55,0.536,0.791075050709939,493
DRB1,DRB1_F_31,DRB1_F_31,0.419505327087206,1.42269916168627,0.584-3.62,0.43707009784373,0.327459606784081,0.421359426671307,224,0.957,236,0.94,10,15,347,121,379,123,0.741,0.755,0.948453608247423,485
DQA1,DQA1_S_75,DQA1_S_75,0.650732056314251,1.16243300842631,0.613-2.21,0.439785633441208,0.244102960967662,0.315968287140487,25,0.104,23,0.0909,215,230,25,455,23,483,0.0521,0.0455,0.0973630831643002,493
DQB1,DQB1_A_57,DQB1_A_57,0.313569821236205,0.792297025331539,0.495-1.26,0.440468749628609,-0.178176665568783,0.230977737691636,44,0.182,55,0.219,198,196,45,439,58,444,0.093,0.116,0.200811359026369,493
DQA1,DQA1_Ref_5,DQA1_Ref_5,0.471615048961796,0.876941920678814,0.606-1.27,0.44100646881155,-0.140726262528471,0.182644025482608,124,0.517,139,0.549,116,114,146,334,170,336,0.304,0.336,0.533468559837728,493
DQB1,DQB1_S_28,DQB1_S_28,0.723257749768059,1.17984697392013,0.553-2.54,0.441108599707737,0.291967660447058,0.379020023516538,18,0.0744,16,0.0637,224,235,18,466,16,486,0.0372,0.0319,0.0689655172413793,493
DQB1,DQB1_S_30,DQB1_S_30,0.723257749768059,1.17984697392013,0.553-2.54,0.441108599707737,0.291967660447058,0.379020023516538,18,0.0744,16,0.0637,224,235,18,466,16,486,0.0372,0.0319,0.0689655172413793,493
DQB1,DQB1_I_37,DQB1_I_37,0.723257749768059,1.17984697392013,0.553-2.54,0.441108599707737,0.291967660447058,0.379020023516538,18,0.0744,16,0.0637,224,235,18,466,16,486,0.0372,0.0319,0.0689655172413793,493
DQB1,DQB1_E_46,DQB1_E_46,0.723257749768059,1.17984697392013,0.553-2.54,0.441108599707737,0.291967660447058,0.379020023516538,18,0.0744,16,0.0637,224,235,18,466,16,486,0.0372,0.0319,0.0689655172413793,493
DQB1,DQB1_F_47,DQB1_F_47,0.723257749768059,1.17984697392013,0.553-2.54,0.441108599707737,0.291967660447058,0.379020023516538,18,0.0744,16,0.0637,224,235,18,466,16,486,0.0372,0.0319,0.0689655172413793,493
DQB1,DQB1_L_52,DQB1_L_52,0.723257749768059,1.17984697392013,0.553-2.54,0.441108599707737,0.291967660447058,0.379020023516538,18,0.0744,16,0.0637,224,235,18,466,16,486,0.0372,0.0319,0.0689655172413793,493
DQB1,DQB1_L_55,DQB1_L_55,0.723257749768059,1.17984697392013,0.553-2.54,0.441108599707737,0.291967660447058,0.379020023516538,18,0.0744,16,0.0637,224,235,18,466,16,486,0.0372,0.0319,0.0689655172413793,493
DQB1,DQB1_K_71,DQB1_K_71,0.723257749768059,1.17984697392013,0.553-2.54,0.441108599707737,0.291967660447058,0.379020023516538,18,0.0744,16,0.0637,224,235,18,466,16,486,0.0372,0.0319,0.0689655172413793,493
DQB1,DQB1_A_74,DQB1_A_74,0.723257749768059,1.17984697392013,0.553-2.54,0.441108599707737,0.291967660447058,0.379020023516538,18,0.0744,16,0.0637,224,235,18,466,16,486,0.0372,0.0319,0.0689655172413793,493
DRB1,DRB1_R_70,DRB1_R_70,0.637554014064428,0.902805640099781,0.613-1.33,0.44498021267144,-0.145867412999353,0.190973315880041,83,0.355,95,0.378,151,156,96,372,107,395,0.205,0.213,0.367010309278351,485
DQB1,DQB1_R_70,DQB1_R_70,0.613388401744094,0.870130360307288,0.512-1.48,0.450265644221834,-0.195069033626305,0.258379084215765,204,0.843,216,0.861,38,35,291,193,303,199,0.601,0.604,0.851926977687627,493
DRB1,DRB1_Amb_92,DRB1_Amb_92,0.466373829537943,1.15981729125314,0.799-1.68,0.451169776084399,0.14586418849599,0.19359086839813,114,0.487,113,0.45,120,138,132,336,134,368,0.282,0.267,0.468041237113402,485
DRB1,DRB1_Amb_93,DRB1_Amb_93,0.466373829537943,1.15981729125314,0.799-1.68,0.451169776084399,0.14586418849599,0.19359086839813,114,0.487,113,0.45,120,138,132,336,134,368,0.282,0.267,0.468041237113402,485
DRB1,DRB1_P_11,DRB1_P_11,0.634947504243134,0.897998302227734,0.608-1.33,0.451664208381605,-0.145857247030244,0.193793289023394,80,0.342,92,0.367,154,159,98,370,105,397,0.209,0.209,0.354639175257732,485
DRB1,DRB1_R_13,DRB1_R_13,0.634947504243134,0.897998302227734,0.608-1.33,0.451664208381605,-0.145857247030244,0.193793289023394,80,0.342,92,0.367,154,159,98,370,105,397,0.209,0.209,0.354639175257732,485
DQA1,DQA1_T_69,DQA1_T_69,0.504924313663196,1.17956333388716,0.745-1.87,0.480007460435984,0.162910016201678,0.230655801688351,53,0.221,49,0.194,187,204,58,422,51,455,0.121,0.101,0.206896551724138,493
DQB1,DQB1_Ref_57,DQB1_Ref_57,0.719834662065035,1.10652477464292,0.673-1.82,0.486461318070844,0.172830426536268,0.248338088214442,43,0.178,41,0.163,199,210,46,438,43,459,0.095,0.0857,0.170385395537525,493
DQB1,DQB1_Ref_87,DQB1_Ref_87,0.511656393862288,1.1357197612219,0.773-1.67,0.504456873351758,0.131846285081124,0.197524407675647,90,0.372,86,0.343,152,165,107,377,97,405,0.221,0.193,0.356997971602434,493
DRB1,DRB1_Ref_33,DRB1_Ref_33,0.64934718145585,0.754387178321872,0.271-2.04,0.519863837200028,-0.298747027792536,0.464213444906374,223,0.953,242,0.964,11,9,393,75,410,92,0.84,0.817,0.958762886597938,485
DRB1,DRB1_Ref_87,DRB1_Ref_87,0.538490096585971,0.720729913773026,0.289-1.75,0.526832650061014,-0.267002142065037,0.421905379269057,220,0.94,240,0.956,14,11,365,103,397,105,0.78,0.791,0.948453608247423,485
DRB1,DRB1_Amb_87,DRB1_Amb_87,0.548243003633132,0.883677630962393,0.583-1.34,0.527862704068487,-0.131791050223493,0.208770631721018,64,0.274,75,0.299,170,176,70,398,83,419,0.15,0.165,0.28659793814433,485
DQB1,DQB1_Ref_9,DQB1_Ref_9,0.500264110289712,1.23788683945296,0.704-2.19,0.530863607458026,0.172933999650855,0.275949005969778,214,0.884,216,0.861,28,35,327,157,328,174,0.676,0.653,0.872210953346856,493
DQA1,DQA1_G_40,DQA1_G_40,0.692580618877934,1.09867444175374,0.732-1.65,0.545102785174862,0.123920984776683,0.204789247465858,73,0.304,72,0.285,167,181,83,397,74,432,0.173,0.146,0.294117647058824,493
DQA1,DQA1_C_47,DQA1_C_47,0.692580618877934,1.09867444175374,0.732-1.65,0.545102785174862,0.123920984776683,0.204789247465858,73,0.304,72,0.285,167,181,83,397,74,432,0.173,0.146,0.294117647058824,493
DQA1,DQA1_V_50,DQA1_V_50,0.692580618877934,1.09867444175374,0.732-1.65,0.545102785174862,0.123920984776683,0.204789247465858,73,0.304,72,0.285,167,181,83,397,74,432,0.173,0.146,0.294117647058824,493
DQA1,DQA1_L_51,DQA1_L_51,0.692580618877934,1.09867444175374,0.732-1.65,0.545102785174862,0.123920984776683,0.204789247465858,73,0.304,72,0.285,167,181,83,397,74,432,0.173,0.146,0.294117647058824,493
DQA1,DQA1_Q_53,DQA1_Q_53,0.692580618877934,1.09867444175374,0.732-1.65,0.545102785174862,0.123920984776683,0.204789247465858,73,0.304,72,0.285,167,181,83,397,74,432,0.173,0.146,0.294117647058824,493
DQB1,DQB1_Ref_77,DQB1_Ref_77,0.576641182718556,1.1163035493429,0.762-1.64,0.547126334008717,0.119362831875428,0.198253478478802,93,0.384,90,0.359,149,161,112,372,106,396,0.231,0.211,0.371196754563895,493
DQA1,DQA1_K_41,DQA1_K_41,0.612488320061335,0.875005621027105,0.512-1.49,0.548072343520039,-0.156520216135822,0.260584215896179,33,0.138,39,0.154,207,214,33,447,41,465,0.0688,0.081,0.14604462474645,493
DQA1,DQA1_CNV_56,DQA1_CNV_56,0.779729760086225,1.06863679093404,0.729-1.57,0.54811129830407,0.116944168251716,0.194714600051278,91,0.379,92,0.364,149,161,103,377,98,408,0.215,0.194,0.371196754563895,493
DQA1,DQA1_L_76,DQA1_L_76,0.779729760086225,1.06863679093404,0.729-1.57,0.54811129830407,0.116944168251716,0.194714600051278,91,0.379,92,0.364,149,161,103,377,98,408,0.215,0.194,0.371196754563895,493
DRB1,DRB1_Ref_31,DRB1_Ref_31,0.697598413998534,0.917920791674358,0.615-1.37,0.549805365453738,-0.118618282700509,0.198341149211239,73,0.312,83,0.331,161,168,76,392,92,410,0.162,0.183,0.321649484536083,485
DRB1,DRB1_A_57,DRB1_A_57,0.490969582031682,1.80277136791904,0.346-11.7,0.549843008743894,0.445869720043973,0.745607285779981,5,0.0214,3,0.012,229,248,5,463,3,499,0.0107,0.00598,0.0164948453608247,485
DRB1,DRB1_H_60,DRB1_H_60,0.490969582031682,1.80277136791904,0.346-11.7,0.549843008743894,0.445869720043973,0.745607285779981,5,0.0214,3,0.012,229,248,5,463,3,499,0.0107,0.00598,0.0164948453608247,485
DQB1,DQB1_Ref_94,DQB1_Ref_94,0.470988905287061,0.828150270814984,0.501-1.36,0.552162406120156,-0.147069956334294,0.247374739168073,198,0.818,212,0.845,44,39,288,196,302,200,0.595,0.602,0.831643002028398,493
DQB1,DQB1_Amb_94,DQB1_Amb_94,0.783297501434669,0.940529838851178,0.646-1.37,0.559215262524534,-0.110070104793474,0.188473784649523,142,0.587,151,0.602,100,100,182,302,181,321,0.376,0.361,0.594320486815416,493
DRB1,DRB1_Ref_16,DRB1_Ref_16,0.547140371724369,0.807377791752943,0.426-1.52,0.564558462602425,-0.176733781231805,0.30678478676152,208,0.889,228,0.908,26,23,310,158,358,144,0.662,0.713,0.898969072164949,485
DRB1,DRB1_Amb_88,DRB1_Amb_88,0.522847027118142,1.1356985561517,0.781-1.65,0.572589159059619,0.111025767142691,0.196769619466306,109,0.466,109,0.434,125,142,127,341,128,374,0.271,0.255,0.449484536082474,485
DRB1,DRB1_Amb_89,DRB1_Amb_89,0.522847027118142,1.1356985561517,0.781-1.65,0.572589159059619,0.111025767142691,0.196769619466306,109,0.466,109,0.434,125,142,127,341,128,374,0.271,0.255,0.449484536082474,485
DRB1,DRB1_Amb_90,DRB1_Amb_90,0.522847027118142,1.1356985561517,0.781-1.65,0.572589159059619,0.111025767142691,0.196769619466306,109,0.466,109,0.434,125,142,127,341,128,374,0.271,0.255,0.449484536082474,485
DRB1,DRB1_Amb_91,DRB1_Amb_91,0.522847027118142,1.1356985561517,0.781-1.65,0.572589159059619,0.111025767142691,0.196769619466306,109,0.466,109,0.434,125,142,127,341,128,374,0.271,0.255,0.449484536082474,485
DQB1,DQB1_Ref_38,DQB1_Ref_38,0.709185324822429,0.927723652434191,0.632-1.36,0.580403769813471,-0.106466721226977,0.19259710163984,151,0.624,161,0.641,91,90,200,284,197,305,0.413,0.392,0.632860040567951,493
DRB1,DRB1_V_57,DRB1_V_57,0.714577545282952,0.928015897200149,0.638-1.35,0.603112603207697,-0.0965744666846394,0.185745254518738,129,0.551,143,0.57,105,108,159,309,163,339,0.34,0.325,0.560824742268041,485
DRB1,DRB1_S_60,DRB1_S_60,0.714577545282952,0.928015897200149,0.638-1.35,0.603112603207697,-0.0965744666846394,0.185745254518738,129,0.551,143,0.57,105,108,159,309,163,339,0.34,0.325,0.560824742268041,485
DRB1,DRB1_Ref_9,DRB1_Ref_9,0.58481948321038,0.900698123248329,0.62-1.31,0.604380460276543,-0.0958966665717288,0.185088850807047,103,0.44,117,0.466,131,134,127,341,140,362,0.271,0.279,0.45360824742268,485
DQA1,DQA1_F_25,DQA1_F_25,0.643193782513122,1.10798482672129,0.758-1.62,0.605114377965039,0.0980511920061958,0.189632189502061,95,0.396,94,0.372,145,159,106,374,108,398,0.221,0.213,0.383367139959432,493
DQB1,DQB1_Ref_74,DQB1_Ref_74,0.65132698651249,0.920509547455534,0.635-1.33,0.61165347316399,-0.09443739085445,0.186004857105137,104,0.43,113,0.45,138,138,119,365,129,373,0.246,0.257,0.440162271805274,493
DRB1,DRB1_L_74,DRB1_L_74,0.628148858375495,0.883820649840289,0.531-1.47,0.614396300922719,-0.126069876574818,0.25023396805999,37,0.158,44,0.175,197,207,37,431,48,454,0.0791,0.0956,0.167010309278351,485
DRB1,DRB1_I_67,DRB1_I_67,0.783813985810548,1.06089298474398,0.729-1.54,0.634117103998406,0.0881797054964624,0.185274825140147,133,0.568,139,0.554,101,112,161,307,175,327,0.344,0.349,0.560824742268041,485
DRB1,DRB1_Ref_73,DRB1_Ref_73,0.765367353692028,0.772772073255092,0.184-3.09,0.638544133926236,-0.292059321540912,0.621752958346352,228,0.974,246,0.98,6,5,397,71,441,61,0.848,0.878,0.977319587628866,485
DRB1,DRB1_F_67,DRB1_F_67,0.927441786811485,0.968668601589976,0.667-1.41,0.64927677334017,-0.0850834653055992,0.187092377491116,124,0.53,135,0.538,110,116,153,315,156,346,0.327,0.311,0.534020618556701,485
DRB1,DRB1_Ref_74,DRB1_Ref_74,0.663571675397413,1.10567682447233,0.704-1.74,0.652178620091985,0.0997767283607427,0.221363183623733,184,0.786,193,0.769,50,58,262,206,272,230,0.56,0.542,0.777319587628866,485
DQB1,DQB1_Ref_15,DQB1_Ref_15,1,1.93324333984915,0.1-115,0.660704603040693,0.541215234793701,1.23300345965088,241,0.996,249,0.992,1,2,442,42,460,42,0.913,0.916,0.993914807302231,493
DQB1,DQB1_Ref_16,DQB1_Ref_16,1,1.93324333984915,0.1-115,0.660704603040693,0.541215234793701,1.23300345965088,241,0.996,249,0.992,1,2,442,42,460,42,0.913,0.916,0.993914807302231,493
DQB1,DQB1_Ref_17,DQB1_Ref_17,1,1.93324333984915,0.1-115,0.660704603040693,0.541215234793701,1.23300345965088,241,0.996,249,0.992,1,2,442,42,460,42,0.913,0.916,0.993914807302231,493
DQB1,DQB1_Ref_18,DQB1_Ref_18,1,1.93324333984915,0.1-115,0.660704603040693,0.541215234793701,1.23300345965088,241,0.996,249,0.992,1,2,442,42,460,42,0.913,0.916,0.993914807302231,493
DQB1,DQB1_Ref_19,DQB1_Ref_19,1,1.93324333984915,0.1-115,0.660704603040693,0.541215234793701,1.23300345965088,241,0.996,249,0.992,1,2,442,42,460,42,0.913,0.916,0.993914807302231,493
DQB1,DQB1_Ref_20,DQB1_Ref_20,1,1.93324333984915,0.1-115,0.660704603040693,0.541215234793701,1.23300345965088,241,0.996,249,0.992,1,2,442,42,460,42,0.913,0.916,0.993914807302231,493
DQB1,DQB1_Ref_72,DQB1_Ref_72,1,1.93324333984915,0.1-115,0.660704603040693,0.541215234793701,1.23300345965088,241,0.996,249,0.992,1,2,442,42,460,42,0.913,0.916,0.993914807302231,493
DQB1,DQB1_Ref_73,DQB1_Ref_73,1,1.93324333984915,0.1-115,0.660704603040693,0.541215234793701,1.23300345965088,241,0.996,249,0.992,1,2,442,42,460,42,0.913,0.916,0.993914807302231,493
DQB1,DQB1_Ref_76,DQB1_Ref_76,1,1.93324333984915,0.1-115,0.660704603040693,0.541215234793701,1.23300345965088,241,0.996,249,0.992,1,2,442,42,460,42,0.913,0.916,0.993914807302231,493
DQB1,DQB1_Ref_78,DQB1_Ref_78,1,1.93324333984915,0.1-115,0.660704603040693,0.541215234793701,1.23300345965088,241,0.996,249,0.992,1,2,442,42,460,42,0.913,0.916,0.993914807302231,493
DQB1,DQB1_Ref_79,DQB1_Ref_79,1,1.93324333984915,0.1-115,0.660704603040693,0.541215234793701,1.23300345965088,241,0.996,249,0.992,1,2,442,42,460,42,0.913,0.916,0.993914807302231,493
DQB1,DQB1_Ref_80,DQB1_Ref_80,1,1.93324333984915,0.1-115,0.660704603040693,0.541215234793701,1.23300345965088,241,0.996,249,0.992,1,2,442,42,460,42,0.913,0.916,0.993914807302231,493
DQB1,DQB1_D_57,DQB1_D_57,0.796176692382914,0.926819155040863,0.539-1.59,0.667699527738387,-0.115901234260262,0.269972594422123,207,0.855,217,0.865,35,34,317,167,327,175,0.655,0.651,0.860040567951318,493
DQB1,DQB1_Ref_6,DQB1_Ref_6,0.549390939430703,0.877587309170903,0.582-1.32,0.678608127169961,-0.084954433617229,0.205024073871477,170,0.702,183,0.729,72,68,223,261,254,248,0.461,0.506,0.716024340770791,493
DQB1,DQB1_Ref_7,DQB1_Ref_7,0.549390939430703,0.877587309170903,0.582-1.32,0.678608127169961,-0.084954433617229,0.205024073871477,170,0.702,183,0.729,72,68,223,261,254,248,0.461,0.506,0.716024340770791,493
DQB1,DQB1_Ref_8,DQB1_Ref_8,0.549390939430703,0.877587309170903,0.582-1.32,0.678608127169961,-0.084954433617229,0.205024073871477,170,0.702,183,0.729,72,68,223,261,254,248,0.461,0.506,0.716024340770791,493
DQB1,DQB1_Ref_30,DQB1_Ref_30,0.71548757657011,1.08313341139876,0.746-1.57,0.71551166574039,0.069686359935199,0.191202393497318,105,0.434,104,0.414,137,147,128,356,119,383,0.264,0.237,0.423935091277891,493
DQB1,DQB1_A_13,DQB1_A_13,0.588753539817935,1.11437912041352,0.771-1.61,0.717945477323196,0.0662841984480075,0.183508035303525,129,0.533,127,0.506,113,124,158,326,152,350,0.326,0.303,0.519269776876268,493
DQB1,DQB1_Y_26,DQB1_Y_26,0.588753539817935,1.11437912041352,0.771-1.61,0.717945477323196,0.0662841984480075,0.183508035303525,129,0.533,127,0.506,113,124,158,326,152,350,0.326,0.303,0.519269776876268,493
DRB1,DRB1_E_58,DRB1_E_58,0.629487096526406,1.19813392868874,0.605-2.39,0.724431359293502,0.116607810114383,0.330762303950404,22,0.094,20,0.0797,212,231,23,445,21,481,0.0491,0.0418,0.0865979381443299,485
DQB1,DQB1_F_9,DQB1_F_9,0.666313032029049,0.890843302325889,0.57-1.39,0.729522969994285,-0.0774489536518423,0.223996177514965,52,0.215,59,0.235,190,192,55,429,64,438,0.114,0.127,0.225152129817444,493
DQB1,DQB1_E_45,DQB1_E_45,0.699501882752059,1.09508027972175,0.737-1.63,0.73454844455222,0.0670165342168332,0.197641461008136,80,0.331,78,0.311,162,173,98,386,84,418,0.202,0.167,0.320486815415822,493
DRB1,DRB1_E_9,DRB1_E_9,0.916200433246222,1.04052370151935,0.674-1.61,0.739817564308433,0.070571072572897,0.212502697996035,177,0.756,188,0.749,57,63,241,227,259,243,0.515,0.516,0.752577319587629,485
DRB1,DRB1_Y_26,DRB1_Y_26,0.923576748503958,0.976512252129961,0.658-1.45,0.778349448403215,-0.054795034964002,0.194674073532282,78,0.333,85,0.339,156,166,85,383,96,406,0.182,0.191,0.336082474226804,485
DQB1,DQB1_Ref_53,DQB1_Ref_53,0.922195869225474,0.967062255765324,0.647-1.44,0.814904028515455,-0.0464002514733905,0.19820335111811,167,0.69,175,0.697,75,76,227,257,216,286,0.469,0.43,0.693711967545639,493
DRB1,DRB1_A_71,DRB1_A_71,0.920107253132368,0.976728366446499,0.645-1.48,0.818367317620108,-0.0466030569059307,0.202934850291717,66,0.282,72,0.287,168,179,76,392,79,423,0.162,0.157,0.284536082474227,485
DQB1,DQB1_Ref_14,DQB1_Ref_14,0.772569758672626,1.07500379223131,0.724-1.6,0.820701883551333,0.0458570308227745,0.202332164903166,80,0.331,79,0.315,162,172,94,390,90,412,0.194,0.179,0.322515212981744,493
DQB1,DQB1_Ref_71,DQB1_Ref_71,0.772569758672626,1.07500379223131,0.724-1.6,0.820701883551333,0.0458570308227745,0.202332164903166,80,0.331,79,0.315,162,172,94,390,90,412,0.194,0.179,0.322515212981744,493
DQB1,DQB1_L_26,DQB1_L_26,1,1.0003331028237,0.69-1.45,0.824263197630798,0.0417592437074975,0.188049548309515,135,0.558,140,0.558,107,111,165,319,179,323,0.341,0.357,0.557809330628803,493
DQA1,DQA1_Q_34,DQA1_Q_34,1,1.01400077576235,0.684-1.5,0.827327875485187,0.0435458081157914,0.199632427581365,162,0.675,170,0.672,78,83,210,270,208,298,0.438,0.411,0.67342799188641,493
DQB1,DQB1_S_57,DQB1_S_57,0.657776822011811,1.12702620480977,0.713-1.78,0.831857581814915,0.0497155651170528,0.234154209124166,53,0.219,50,0.199,189,201,62,422,55,447,0.128,0.11,0.208924949290061,493
DQB1,DQB1_Ref_26,DQB1_Ref_26,0.928305820036824,0.978701027966276,0.677-1.42,0.847831903503817,-0.035656322274042,0.185820836503161,125,0.517,131,0.522,117,120,147,337,152,350,0.304,0.303,0.519269776876268,493
DQB1,DQB1_T_71,DQB1_T_71,0.896647127940945,0.958591473129984,0.555-1.65,0.850455680578278,-0.0516211723198398,0.273798568635853,208,0.86,217,0.865,34,34,305,179,315,187,0.63,0.627,0.862068965517241,493
DQB1,DQB1_E_74,DQB1_E_74,0.896647127940945,0.958591473129984,0.555-1.65,0.850455680578278,-0.0516211723198398,0.273798568635853,208,0.86,217,0.865,34,34,305,179,315,187,0.63,0.627,0.862068965517241,493
DQB1,DQB1_L_75,DQB1_L_75,0.896647127940945,0.958591473129984,0.555-1.65,0.850455680578278,-0.0516211723198398,0.273798568635853,208,0.86,217,0.865,34,34,305,179,315,187,0.63,0.627,0.862068965517241,493
DRB1,DRB1_Ref_13,DRB1_Ref_13,1,0.983327377971426,0.666-1.45,0.854006848709955,-0.0352756453301282,0.191706690026585,83,0.355,90,0.359,151,161,88,380,101,401,0.188,0.201,0.356701030927835,485
DQB1,DQB1_Ref_75,DQB1_Ref_75,0.857044477799787,0.95811736848842,0.662-1.39,0.866705307967357,-0.0312148801622353,0.185974565888383,116,0.479,123,0.49,126,128,137,347,145,357,0.283,0.289,0.484787018255578,493
DQA1,DQA1_Amb_5,DQA1_Amb_5,0.773173612544714,0.942551011661032,0.635-1.4,0.86680050759381,-0.0327144274272162,0.195049310390381,161,0.671,173,0.684,79,80,206,274,216,290,0.429,0.427,0.677484787018256,493
DQB1,DQB1_Amb_9,DQB1_Amb_9,1,1.00024214589415,0.676-1.48,0.877099077345241,-0.0298699965447013,0.193148685813494,81,0.335,84,0.335,161,167,88,396,91,411,0.182,0.181,0.334685598377282,493
DQB1,DQB1_Amb_10,DQB1_Amb_10,1,1.00024214589415,0.676-1.48,0.877099077345241,-0.0298699965447013,0.193148685813494,81,0.335,84,0.335,161,167,88,396,91,411,0.182,0.181,0.334685598377282,493
DQB1,DQB1_Amb_11,DQB1_Amb_11,1,1.00024214589415,0.676-1.48,0.877099077345241,-0.0298699965447013,0.193148685813494,81,0.335,84,0.335,161,167,88,396,91,411,0.182,0.181,0.334685598377282,493
DQB1,DQB1_Amb_12,DQB1_Amb_12,1,1.00024214589415,0.676-1.48,0.877099077345241,-0.0298699965447013,0.193148685813494,81,0.335,84,0.335,161,167,88,396,91,411,0.182,0.181,0.334685598377282,493
DQB1,DQB1_Amb_81,DQB1_Amb_81,1,1.00024214589415,0.676-1.48,0.877099077345241,-0.0298699965447013,0.193148685813494,81,0.335,84,0.335,161,167,88,396,91,411,0.182,0.181,0.334685598377282,493
DQB1,DQB1_Amb_82,DQB1_Amb_82,1,1.00024214589415,0.676-1.48,0.877099077345241,-0.0298699965447013,0.193148685813494,81,0.335,84,0.335,161,167,88,396,91,411,0.182,0.181,0.334685598377282,493
DQB1,DQB1_Amb_83,DQB1_Amb_83,1,1.00024214589415,0.676-1.48,0.877099077345241,-0.0298699965447013,0.193148685813494,81,0.335,84,0.335,161,167,88,396,91,411,0.182,0.181,0.334685598377282,493
DQB1,DQB1_Amb_84,DQB1_Amb_84,1,1.00024214589415,0.676-1.48,0.877099077345241,-0.0298699965447013,0.193148685813494,81,0.335,84,0.335,161,167,88,396,91,411,0.182,0.181,0.334685598377282,493
DQB1,DQB1_Amb_85,DQB1_Amb_85,1,1.00024214589415,0.676-1.48,0.877099077345241,-0.0298699965447013,0.193148685813494,81,0.335,84,0.335,161,167,88,396,91,411,0.182,0.181,0.334685598377282,493
DQB1,DQB1_Amb_86,DQB1_Amb_86,1,1.00024214589415,0.676-1.48,0.877099077345241,-0.0298699965447013,0.193148685813494,81,0.335,84,0.335,161,167,88,396,91,411,0.182,0.181,0.334685598377282,493
DQB1,DQB1_Amb_87,DQB1_Amb_87,1,1.00024214589415,0.676-1.48,0.877099077345241,-0.0298699965447013,0.193148685813494,81,0.335,84,0.335,161,167,88,396,91,411,0.182,0.181,0.334685598377282,493
DQB1,DQB1_Amb_88,DQB1_Amb_88,1,1.00024214589415,0.676-1.48,0.877099077345241,-0.0298699965447013,0.193148685813494,81,0.335,84,0.335,161,167,88,396,91,411,0.182,0.181,0.334685598377282,493
DQB1,DQB1_Amb_89,DQB1_Amb_89,1,1.00024214589415,0.676-1.48,0.877099077345241,-0.0298699965447013,0.193148685813494,81,0.335,84,0.335,161,167,88,396,91,411,0.182,0.181,0.334685598377282,493
DQB1,DQB1_Amb_90,DQB1_Amb_90,1,1.00024214589415,0.676-1.48,0.877099077345241,-0.0298699965447013,0.193148685813494,81,0.335,84,0.335,161,167,88,396,91,411,0.182,0.181,0.334685598377282,493
DQB1,DQB1_Amb_91,DQB1_Amb_91,1,1.00024214589415,0.676-1.48,0.877099077345241,-0.0298699965447013,0.193148685813494,81,0.335,84,0.335,161,167,88,396,91,411,0.182,0.181,0.334685598377282,493
DQB1,DQB1_Amb_92,DQB1_Amb_92,1,1.00024214589415,0.676-1.48,0.877099077345241,-0.0298699965447013,0.193148685813494,81,0.335,84,0.335,161,167,88,396,91,411,0.182,0.181,0.334685598377282,493
DQB1,DQB1_Amb_93,DQB1_Amb_93,1,1.00024214589415,0.676-1.48,0.877099077345241,-0.0298699965447013,0.193148685813494,81,0.335,84,0.335,161,167,88,396,91,411,0.182,0.181,0.334685598377282,493
DRB1,DRB1_E_71,DRB1_E_71,0.848426641956727,0.864230882222577,0.373-1.97,0.881432192066906,0.0599765191460426,0.402111627077696,13,0.0556,16,0.0637,221,235,15,453,16,486,0.0321,0.0319,0.0597938144329897,485
DRB1,DRB1_Ref_78,DRB1_Ref_78,1,1.00421081901994,0.427-2.38,0.910061087250843,0.0451160893479118,0.399393544151317,221,0.944,237,0.944,13,14,348,120,375,127,0.744,0.747,0.944329896907217,485
DRB1,DRB1_N_37,DRB1_N_37,0.925482142759016,0.973219360439677,0.663-1.43,0.918387049123871,-0.0194610136029036,0.18992713186733,88,0.376,96,0.382,146,155,101,367,113,389,0.216,0.225,0.379381443298969,485
DRB1,DRB1_Amb_6,DRB1_Amb_6,0.925703813826046,1.02741510517469,0.701-1.51,0.921010328899911,-0.0192407685958675,0.194035371985184,91,0.389,96,0.382,143,155,105,363,111,391,0.224,0.221,0.385567010309278,485
DRB1,DRB1_Ref_11,DRB1_Ref_11,0.822340690706905,0.872971979129419,0.313-2.37,0.929909799559432,0.0417373339810558,0.474512605736027,9,0.0385,11,0.0438,225,240,9,459,11,491,0.0192,0.0219,0.0412371134020619,485
DRB1,DRB1_Ref_30,DRB1_Ref_30,0.822340690706905,0.872971979129419,0.313-2.37,0.929909799559432,0.0417373339810558,0.474512605736027,9,0.0385,11,0.0438,225,240,9,459,11,491,0.0192,0.0219,0.0412371134020619,485
DRB1,DRB1_G_11,DRB1_G_11,0.873664499475487,0.926624595121378,0.468-1.82,0.938393613809944,0.025298325999882,0.327321023986397,20,0.0855,23,0.0916,214,228,20,448,24,478,0.0427,0.0478,0.088659793814433,485
DRB1,DRB1_Y_13,DRB1_Y_13,0.873664499475487,0.926624595121378,0.468-1.82,0.938393613809944,0.025298325999882,0.327321023986397,20,0.0855,23,0.0916,214,228,20,448,24,478,0.0427,0.0478,0.088659793814433,485
DRB1,DRB1_K_14,DRB1_K_14,0.873664499475487,0.926624595121378,0.468-1.82,0.938393613809944,0.025298325999882,0.327321023986397,20,0.0855,23,0.0916,214,228,20,448,24,478,0.0427,0.0478,0.088659793814433,485
DRB1,DRB1_Q_25,DRB1_Q_25,0.873664499475487,0.926624595121378,0.468-1.82,0.938393613809944,0.025298325999882,0.327321023986397,20,0.0855,23,0.0916,214,228,20,448,24,478,0.0427,0.0478,0.088659793814433,485
DRB1,DRB1_L_30,DRB1_L_30,0.873664499475487,0.926624595121378,0.468-1.82,0.938393613809944,0.025298325999882,0.327321023986397,20,0.0855,23,0.0916,214,228,20,448,24,478,0.0427,0.0478,0.088659793814433,485
DRB1,DRB1_Q_74,DRB1_Q_74,0.873664499475487,0.926624595121378,0.468-1.82,0.938393613809944,0.025298325999882,0.327321023986397,20,0.0855,23,0.0916,214,228,20,448,24,478,0.0427,0.0478,0.088659793814433,485
DRB1,DRB1_F_37,DRB1_F_37,0.902070857145518,0.962056000914897,0.574-1.61,0.951053595610132,0.0154205436945554,0.251215416727032,37,0.158,41,0.163,197,210,38,430,44,458,0.0812,0.0876,0.160824742268041,485
DQA1,DQA1_K_47,DQA1_K_47,0.873381522315703,0.909274708583875,0.459-1.79,0.972794337055124,0.0111582143820967,0.327183406669382,20,0.0833,23,0.0909,220,230,20,460,24,482,0.0417,0.0474,0.0872210953346856,493
DQA1,DQA1_H_52,DQA1_H_52,0.873381522315703,0.909274708583875,0.459-1.79,0.972794337055124,0.0111582143820967,0.327183406669382,20,0.0833,23,0.0909,220,230,20,460,24,482,0.0417,0.0474,0.0872210953346856,493
DQA1,DQA1_L_54,DQA1_L_54,0.873381522315703,0.909274708583875,0.459-1.79,0.972794337055124,0.0111582143820967,0.327183406669382,20,0.0833,23,0.0909,220,230,20,460,24,482,0.0417,0.0474,0.0872210953346856,493
DQB1,DQB1_Ref_13,DQB1_Ref_13,1,0.98446103067449,0.6-1.62,0.974835061855461,-0.00759867017162015,0.240885005472832,200,0.826,208,0.829,42,43,284,200,308,194,0.587,0.614,0.827586206896552,493
DQB1,DQB1_Amb_5,DQB1_Amb_5,1,Inf,0.0247-Inf,0.980199009765117,13.2885893137921,535.411192454798,242,1,250,0.996,0,1,470,14,483,19,0.971,0.962,0.997971602434077,493
DQB1,DQB1_Amb_95,DQB1_Amb_95,1,Inf,0.0247-Inf,0.980199009765117,13.2885893137921,535.411192454798,242,1,250,0.996,0,1,470,14,483,19,0.971,0.962,0.997971602434077,493
DQB1,DQB1_Ref_28,DQB1_Ref_28,0.499150711588252,Inf,0.181-Inf,0.9818189938897,14.1268264692994,619.910755072548,242,1,249,0.992,0,2,452,32,467,35,0.934,0.93,0.995943204868154,493
DQB1,DQB1_Ref_46,DQB1_Ref_46,0.499150711588252,Inf,0.181-Inf,0.9818189938897,14.1268264692994,619.910755072548,242,1,249,0.992,0,2,452,32,467,35,0.934,0.93,0.995943204868154,493
DQB1,DQB1_Ref_47,DQB1_Ref_47,0.499150711588252,Inf,0.181-Inf,0.9818189938897,14.1268264692994,619.910755072548,242,1,249,0.992,0,2,452,32,467,35,0.934,0.93,0.995943204868154,493
DQB1,DQB1_Ref_52,DQB1_Ref_52,0.499150711588252,Inf,0.181-Inf,0.9818189938897,14.1268264692994,619.910755072548,242,1,249,0.992,0,2,452,32,467,35,0.934,0.93,0.995943204868154,493
DRB1,DRB1_Amb_5,DRB1_Amb_5,0.0534675733605935,0,0-1.4,0.982536651550245,-15.6881446367356,716.719874816707,230,0.983,251,1,4,0,434,34,477,25,0.927,0.95,0.991752577319588,485
DRB1,DRB1_Amb_95,DRB1_Amb_95,0.0534675733605935,0,0-1.4,0.982536651550245,-15.6881446367356,716.719874816707,230,0.983,251,1,4,0,434,34,477,25,0.927,0.95,0.991752577319588,485
DRB1,DRB1_Q_16,DRB1_Q_16,1,0.989625552324727,0.403-2.41,0.991443571418305,0.00444595001071339,0.414575642660682,12,0.0513,13,0.0518,222,238,12,456,14,488,0.0256,0.0279,0.0515463917525773,485
