HLA,allele,rsid,F.Pval,F.OR,F.CI,Chi.Pval,Chi.OR,glm.P,glm.E,glm.StdE,Case.Car,Case.Freq,Control.Car,Control.Freq,Case.Not,Control.Not,Case.Alleles,Case.Alelles.Not,Control.Alleles,Control.Alelles.Not,Case.Freq.Allele,Control.Freq.Allele,totalFreq,totalN
DRB3,00.00,DRB3:00.00,0.00584294322175507,0.466900959607847,0.262-0.816,0.00640248560979924,7.43338330083796,0.00578288332842378,-0.181801840833136,0.0655879253797806,200,0.82,234,0.907,44,24,289,199,346,170,0.592,0.671,0.864541832669323,502
B,67.01,B:67.01,0.0302354572530914,Inf,1.19-Inf,0.0399093856694215,4.22173274596182,0.0104078736566402,0.529821588700074,0.205940864968358,6,0.0261,0,0,224,230,6,454,0,460,0.013,0,0.0130434782608696,460
C,01.02,C:01.02,0.0920940041377195,0.721024722615065,0.49-1.06,0.0989553009339991,2.72230051186715,0.013077589945223,-0.119395688187628,0.0479360989350847,77,0.32,101,0.395,164,155,85,397,108,404,0.176,0.211,0.358148893360161,497
DRB4,01.03,DRB4:01.03,0.0123954690850505,0.634379670953749,0.439-0.915,0.0141598820425945,6.01810012249276,0.0133867061387735,-0.111926241926543,0.0450919232297835,116,0.475,153,0.588,128,107,131,357,183,337,0.268,0.352,0.533730158730159,504
B,46.01,B:46.01,0.18208683441029,0.744525176081544,0.486-1.14,0.182198582273173,1.77959893782621,0.0222648195504792,-0.124980551864128,0.0544890781044741,60,0.261,74,0.322,170,156,63,397,79,381,0.137,0.172,0.291304347826087,460
DPB1,04.02,DPB1:04.02,0.0810389652779519,1.89263148914437,0.887-4.2,0.106426216237448,2.60650299285609,0.0249932484753466,0.202215982159398,0.0899364745499547,22,0.0921,13,0.0508,217,243,24,454,13,499,0.0502,0.0254,0.0707070707070707,495
DRB1,04.04,DRB1:04.04,0.0619778464394833,0,0-1.16,0.085356199881448,2.95984354072315,0.0342536862832934,-0.476537750573117,0.224448802256107,0,0,5,0.0199,234,246,0,468,5,497,0,0.00996,0.0103092783505155,485
DRB4,00.00,DRB4:00.00,0.0630042538128453,1.85644982312915,0.95-3.75,0.0741425634281682,3.18884093804461,0.0484508930882481,0.153756211554003,0.0777232489571648,228,0.934,230,0.885,16,30,355,133,336,184,0.727,0.646,0.908730158730159,504
C,03.03,C:03.03,0.0470110159035929,0.580604092502134,0.324-1.02,0.0616943490522153,3.4912402191651,0.0574763593254728,-0.127440334762152,0.0669280715999195,24,0.0996,41,0.16,217,215,27,455,44,468,0.056,0.0859,0.130784708249497,497
A,03.01,A:03.01,0.0340329075975194,0.259151900207452,0.0463-0.977,0.0496127397361074,3.85449907019991,0.0609374624434613,-0.250854926577002,0.133554303685043,3,0.0126,12,0.0471,235,243,3,473,12,498,0.0063,0.0235,0.0304259634888438,493
DPB1,03.01,DPB1:03.01,0.114394769596811,0.584867711466935,0.287-1.15,0.133732197630505,2.24863643511934,0.0629032310024559,-0.147661162573183,0.0792120728495974,16,0.0669,28,0.109,223,228,17,461,30,482,0.0356,0.0586,0.0888888888888889,495
DRB3,02.02,DRB3:02.02,0.042957841571225,1.45985234800761,1-2.13,0.0499705424678621,3.84244699095276,0.063155096121801,0.0881046472961165,0.0473101659621476,103,0.422,86,0.333,141,172,117,371,95,421,0.24,0.184,0.376494023904383,502
DQA1,01.04,DQA1:01.04,0.055840564110383,1.59635983943193,0.968-2.65,0.0682660255461466,3.32422875529065,0.0919734419338708,0.101889079728148,0.0603463048387996,49,0.204,35,0.138,191,218,53,427,38,468,0.11,0.0751,0.170385395537525,493
DQA1,03.03,DQA1:03.03,0.0884782531924983,0.628812875144166,0.356-1.1,0.107763290636548,2.58671999540538,0.0952117766546579,-0.111798671371786,0.0668743813237533,26,0.108,41,0.162,214,212,27,453,42,464,0.0562,0.083,0.135902636916836,493
DRB1,04.03,DRB1:04.03,0.112294436986032,0.446191590615574,0.138-1.26,0.150051934625599,2.07172281602384,0.107214756516754,-0.185592482063062,0.114998603440328,6,0.0256,14,0.0558,228,237,6,462,15,487,0.0128,0.0299,0.0412371134020619,485
DRB1,04.05,DRB1:04.05,0.104423324402971,0.621853820396392,0.345-1.1,0.111017135175072,2.53968211781312,0.108548035678236,-0.109624336323901,0.0681847816296505,24,0.103,39,0.155,210,212,26,442,40,462,0.0556,0.0797,0.129896907216495,485
A,31.01,A:31.01,0.0741147813678643,0.489483129526639,0.21-1.07,0.0805048416883932,3.0546802054155,0.109033126321726,-0.147655556595135,0.0919688678716882,11,0.0462,23,0.0902,227,232,11,465,23,487,0.0231,0.0451,0.0689655172413793,493
B,35.01,B:35.01,0.135693692098896,0.528120727484657,0.223-1.19,0.136790220790258,2.21370027821641,0.109245155642515,-0.151890642262983,0.0946509156294863,11,0.0478,20,0.087,219,210,11,449,22,438,0.0239,0.0478,0.0673913043478261,460
B,15.01,B:15.01,0.107571774690871,0.521162689837957,0.229-1.13,0.108736194684339,2.57249378624689,0.113676018414022,-0.144090524660769,0.0909122354717209,12,0.0522,22,0.0957,218,208,12,448,22,438,0.0261,0.0478,0.0739130434782609,460
DQA1,03.01,DQA1:03.01,0.10338160900498,0.594373913799129,0.308-1.12,0.11495677775324,2.48472037473396,0.116120558231011,-0.118879345495822,0.0755235239045455,19,0.0792,32,0.126,221,221,20,460,33,473,0.0417,0.0652,0.103448275862069,493
B,48.03,B:48.03,0.498910675381264,0,0-5.32,0.47854232034827,0.502183406113537,0.116589570047586,-0.557815451316677,0.354788373412883,0,0,2,0.0087,230,228,0,460,2,458,0,0.00435,0.00434782608695652,460
DQB1,03.02,DQB1:03.02,0.112036394454883,0.635540609670726,0.359-1.11,0.118685078132545,2.43458794946939,0.116998649646326,-0.105929310007206,0.0674587201381628,26,0.107,40,0.159,216,211,27,457,42,460,0.0558,0.0837,0.133874239350913,493
A,11.02,A:11.02,0.224619899865098,0.587686008310479,0.224-1.45,0.291286790167614,1.11366432641433,0.117560913124455,-0.162370020769077,0.103560878400557,9,0.0378,16,0.0627,229,239,9,467,17,493,0.0189,0.0333,0.050709939148073,493
B,08.01,B:08.01,0.248366013071895,0,0-2.41,0.246666420628285,1.34208606856309,0.122696954730324,-0.450009774231412,0.290998692952661,0,0,3,0.013,230,227,0,460,3,457,0,0.00652,0.00652173913043478,460
C,07.02,C:07.02,0.1180102948766,1.37111572021313,0.917-2.05,0.129026685216043,2.30417603934049,0.141168496718631,0.0725427003654437,0.0492205731810888,81,0.336,69,0.27,160,187,85,397,78,434,0.176,0.152,0.301810865191147,497
DQB1,06.09,DQB1:06.09,0.253323346763022,2.10800221280649,0.556-9.7,0.346734769676775,0.885371160758249,0.143931722497151,0.215133860566121,0.146983389932112,8,0.0331,4,0.0159,234,247,9,475,4,498,0.0186,0.00797,0.0243407707910751,493
DPB1,21.01,DPB1:21.01,0.281794954284145,0.59924903836618,0.214-1.56,0.354305445346307,0.857976958180281,0.14934099935762,-0.16017172983896,0.110911774495057,8,0.0335,14,0.0547,231,242,8,470,14,498,0.0167,0.0273,0.0444444444444444,495
B,15.25,B:15.25,0.220908801120415,2.72123276837145,0.643-16.1,0.222188503149155,1.49018019842073,0.150639289136186,0.222031402822845,0.154219786850156,8,0.0348,3,0.013,222,227,8,452,3,457,0.0174,0.00652,0.0239130434782609,460
B,15.07,B:15.07,0.498910675381264,Inf,0.188-Inf,0.47854232034827,0.502183406113537,0.154718627694506,0.510132086838494,0.357878174376891,2,0.0087,0,0,228,230,2,458,0,460,0.00435,0,0.00434782608695652,460
DQB1,04.01,DQB1:04.01,0.149364349333106,0.650879026315657,0.345-1.21,0.189007121604994,1.72533997464207,0.167088058619191,-0.10273286844229,0.0742457202350042,21,0.0868,32,0.127,221,219,21,463,33,469,0.0434,0.0657,0.107505070993915,493
C,15.05,C:15.05,0.313108363219077,1.80162716627513,0.582-6.13,0.375891781789251,0.784094606005417,0.184651969038379,0.17367777272254,0.130738757270729,10,0.0415,6,0.0234,231,250,11,471,7,505,0.0228,0.0137,0.0321931589537223,497
C,04.03,C:04.03,0.243504070257716,1.86169061171169,0.662-5.68,0.284458948170717,1.1456626727125,0.185985541220151,0.158568218185361,0.119728118454586,12,0.0498,7,0.0273,229,249,12,470,7,505,0.0249,0.0137,0.0382293762575453,497
C,08.03,C:08.03,0.499448302719543,0,0-5.65,0.505367236484927,0.443647415709219,0.219049952388902,-0.438717916760067,0.356498217187689,0,0,2,0.00781,241,254,0,482,2,510,0,0.00391,0.00402414486921529,497
DQB1,06.02,DQB1:06.02,0.37081513603981,1.36107609264102,0.726-2.58,0.37763180191809,0.77839713381238,0.220649779223308,0.0934782272104306,0.0762231283305988,28,0.116,22,0.0876,214,229,29,455,24,478,0.0599,0.0478,0.101419878296146,493
C,07.06,C:07.06,0.27244921574059,2.68562671474768,0.435-28.5,0.399724753645007,0.709154159102697,0.226757431912169,0.231952780580647,0.1916536742401,5,0.0207,2,0.00781,236,254,5,477,2,510,0.0104,0.00391,0.0140845070422535,497
DRB1,10.01,DRB1:10.01,0.362069303638799,1.64021036722118,0.604-4.72,0.39771715432539,0.715217489109824,0.229614393482612,0.139001432124271,0.115556546482934,12,0.0513,8,0.0319,222,243,12,456,9,493,0.0256,0.0179,0.0412371134020619,485
C,03.02,C:03.02,0.485118159370499,1.25145639902801,0.697-2.26,0.506688994375409,0.440898732050228,0.230298663001734,0.0908206630546398,0.0756157384120141,31,0.129,27,0.105,210,229,32,450,28,484,0.0664,0.0547,0.116700201207243,497
B,58.01,B:58.01,0.476136944473069,1.27670323207046,0.702-2.34,0.475871465063606,0.508309759547383,0.234380890254748,0.0923482491757953,0.0775558444342667,31,0.135,25,0.109,199,205,32,428,25,435,0.0696,0.0543,0.121739130434783,460
DRB1,12.02,DRB1:12.02,0.21072504988511,1.34332138745807,0.838-2.16,0.237230457537752,1.39697651292839,0.236440045505828,0.0708931670795901,0.059804372666485,52,0.222,44,0.175,182,207,57,411,45,457,0.122,0.0896,0.197938144329897,485
DRB5,02.03,DRB5:02.03,0.451117882367882,0.419048001980964,0.0395-2.59,0.49229518383191,0.471505932418119,0.242712512402808,-0.223442022557023,0.191035002312953,2,0.00826,5,0.0195,240,251,2,482,5,507,0.00413,0.00977,0.0140562248995984,498
A,33.03,A:33.03,0.631822763824241,1.15063880785029,0.7-1.89,0.640465962545263,0.218133278168643,0.243185242661069,0.07902135716312,0.0676275324934773,43,0.181,41,0.161,195,214,45,431,41,469,0.0945,0.0804,0.170385395537525,493
DPB1,48.01,DPB1:48.01,0.482828282828283,Inf,0.0275-Inf,0.972559404054311,0.00118325469176139,0.243629627083665,0.586240850117201,0.502189130221515,1,0.00418,0,0,238,256,1,477,0,512,0.00209,0,0.00202020202020202,495
DQA1,01.05,DQA1:01.05,0.363985149605578,1.61028090122197,0.593-4.63,0.420514033207217,0.6488782134645,0.254046119731593,0.131740085015669,0.115366617155779,12,0.05,8,0.0316,228,245,12,468,9,497,0.025,0.0178,0.0405679513184584,493
DQA1,03.02,DQA1:03.02,0.427433410012498,0.849263581253226,0.563-1.28,0.470384833060411,0.521071817262048,0.261217927875582,-0.0566132748782441,0.0503308092103152,65,0.271,77,0.304,175,176,68,412,82,424,0.142,0.162,0.288032454361055,493
DPB1,14.01,DPB1:14.01,0.32162540210026,0.655576140553534,0.26-1.57,0.407683869879797,0.685544905701082,0.263532780308055,-0.113152666698089,0.101086225683114,10,0.0418,16,0.0625,229,240,10,468,16,496,0.0209,0.0312,0.0525252525252525,495
B,07.05,B:07.05,0.44636078643784,1.69504282373162,0.547-5.78,0.445228507498423,0.58277027027027,0.267608294954073,0.146444036454826,0.13193755554495,10,0.0435,6,0.0261,220,224,11,449,7,453,0.0239,0.0152,0.0347826086956522,460
DRB1,14.54,DRB1:14.54,0.236004634791812,1.47131554594697,0.788-2.78,0.248710101619057,1.33053478304117,0.280088479246642,0.0804505394059799,0.0743986947386656,29,0.124,22,0.0876,205,229,33,435,22,480,0.0705,0.0438,0.105154639175258,485
DPA1,02.02,DPA1:02.02,0.578029102472944,0.879048435423415,0.553-1.4,0.640852197344439,0.217629355873797,0.282192997858758,-0.0620322774930038,0.057620212332377,193,0.791,211,0.812,51,49,264,224,294,226,0.541,0.565,0.801587301587302,504
A,29.01,A:29.01,0.435557597376774,1.62938504448797,0.509-5.65,0.508958114874671,0.436208574085143,0.284589781159869,0.145963260547364,0.1362556942599,9,0.0378,6,0.0235,229,249,11,465,7,503,0.0231,0.0137,0.0304259634888438,493
DQA1,05.06,DQA1:05.06,0.486815415821501,Inf,0.027-Inf,0.978934198866763,0.000697231126214426,0.285766759528039,0.535436119602701,0.501050091397649,1,0.00417,0,0,239,253,1,479,0,506,0.00208,0,0.00202839756592292,493
DPB1,05.01,DPB1:05.01,0.409156198752584,0.847761876518198,0.582-1.23,0.417751784838112,0.656631191033119,0.296501375922259,-0.0479507841875791,0.0458823149187102,138,0.577,158,0.617,101,98,175,303,199,313,0.366,0.389,0.597979797979798,495
DPB1,31.01,DPB1:31.01,0.482828282828283,Inf,0.0275-Inf,0.972559404054311,0.00118325469176139,0.305552448127972,0.513657356251135,0.500799899303767,1,0.00418,0,0,238,256,1,477,0,512,0.00209,0,0.00202020202020202,495
DRB1,03.01,DRB1:03.01,0.475728296389764,1.31037198172326,0.607-2.87,0.568971176943358,0.324406968863435,0.311207356860556,0.0963221009172597,0.0950143605514509,18,0.0769,15,0.0598,216,236,18,450,15,487,0.0385,0.0299,0.0680412371134021,485
B,51.01,B:51.01,0.766740810001177,1.14129603983531,0.611-2.14,0.766463522607133,0.0882113236492641,0.316504624143016,0.0778773613248187,0.0776620157006212,27,0.117,24,0.104,203,206,28,432,25,435,0.0609,0.0543,0.110869565217391,460
B,15.12,B:15.12,0.623360649876289,3.01993954466564,0.24-159,0.615535146596047,0.25219298245614,0.316594409322157,0.252323715706625,0.251672732959873,3,0.013,1,0.00435,227,229,3,457,1,459,0.00652,0.00217,0.00869565217391304,460
DRB1,09.01,DRB1:09.01,0.484682686157501,0.867129765549131,0.573-1.31,0.541256584618927,0.373215788700588,0.320421917835487,-0.0504449923431195,0.0507177106266261,64,0.274,76,0.303,170,175,67,401,81,421,0.143,0.161,0.288659793814433,485
DQB1,05.03,DQB1:05.03,0.37081513603981,1.36107609264102,0.726-2.58,0.37763180191809,0.77839713381238,0.325570765938288,0.0735801357613229,0.0747714017467346,28,0.116,22,0.0876,214,229,28,456,23,479,0.0579,0.0458,0.101419878296146,493
A,02.07,A:02.07,0.913250868746891,0.969208759612964,0.616-1.52,0.972935653850253,0.00115101655402369,0.336201434220503,-0.0558902307645705,0.0580587847072625,51,0.214,56,0.22,187,199,54,422,59,451,0.113,0.116,0.217038539553753,493
A,34.01,A:34.01,0.482758620689655,Inf,0.0275-Inf,0.972447882055618,0.00119289585753,0.342557447003905,0.476396513027923,0.501442966719624,1,0.0042,0,0,237,255,1,475,0,510,0.0021,0,0.00202839756592292,493
B,55.04,B:55.04,1,Inf,0.0256-Inf,1,0,0.346963088044424,0.472793981488836,0.502185273495334,1,0.00435,0,0,229,230,1,459,0,460,0.00217,0,0.00217391304347826,460
B,81.02,B:81.02,1,0,0-39,1,0,0.347055046379328,-0.47184409080955,0.501272014262267,0,0,1,0.00435,230,229,0,460,1,459,0,0.00217,0.00217391304347826,460
B,56.01,B:56.01,0.623360649876289,3.01993954466564,0.24-159,0.615535146596047,0.25219298245614,0.347556292494202,0.237140836071195,0.252193108465599,3,0.013,1,0.00435,227,229,3,457,1,459,0.00652,0.00217,0.00869565217391304,460
B,15.21,B:15.21,1,Inf,0.0256-Inf,1,0,0.351827884119747,0.468300459150352,0.502464131860184,1,0.00435,0,0,229,230,1,459,0,460,0.00217,0,0.00217391304347826,460
B,15.17,B:15.17,1,0,0-39,1,0,0.352577288299029,-0.468788813190891,0.503772252609486,0,0,1,0.00435,230,229,0,460,1,459,0,0.00217,0.00217391304347826,460
B,15.27,B:15.27,1,Inf,0.0256-Inf,1,0,0.352900999433455,0.468811839237389,0.50413615761438,1,0.00435,0,0,229,230,1,459,0,460,0.00217,0,0.00217391304347826,460
C,07.01,C:07.01,1,0,0-41.4,0.999999999999995,4.5182809565356e-29,0.362842177287141,-0.457313670745915,0.50209532848314,0,0,1,0.00391,241,255,0,482,1,511,0,0.00195,0.00201207243460765,497
B,38.02,B:38.02,0.359719850261117,1.50176761778312,0.684-3.4,0.359493681481243,0.839661214953271,0.367189611851557,0.0835859054667718,0.09260043190892,19,0.0826,13,0.0565,211,217,19,441,14,446,0.0413,0.0304,0.0695652173913044,460
C,08.22,C:08.22,1,0,0-41.4,0.999999999999995,4.5182809565356e-29,0.368756469162664,-0.449621101605074,0.499782681785935,0,0,1,0.00391,241,255,0,482,1,511,0,0.00195,0.00201207243460765,497
A,11.01,A:11.01,0.168889233105631,1.30683616902595,0.898-1.9,0.170921625288171,1.87484132257824,0.372026362924656,0.0433882473754965,0.0485594236613825,105,0.441,96,0.376,133,159,123,353,117,393,0.258,0.229,0.407707910750507,493
A,30.01,A:30.01,0.298680459227416,0.526414299840013,0.139-1.72,0.360828073943098,0.835009131965199,0.372367859240641,-0.117781468617075,0.131913368073215,5,0.021,10,0.0392,233,245,5,471,10,500,0.0105,0.0196,0.0304259634888438,493
DQA1,05.01,DQA1:05.01,0.722688904150651,1.20056459779678,0.562-2.58,0.735962727422404,0.113706890767579,0.379680491204459,0.082528453974682,0.0938586094853411,18,0.075,16,0.0632,222,237,18,462,16,490,0.0375,0.0316,0.0689655172413793,493
DQB1,03.03,DQB1:03.03,0.557248604742025,0.886294436423422,0.592-1.33,0.604524029911449,0.268226366010083,0.382980316678532,-0.0433752566504041,0.0496734794452561,70,0.289,79,0.315,172,172,75,409,86,416,0.155,0.171,0.302231237322515,493
DQA1,01.01,DQA1:01.01,0.366229177208533,0.784271518038427,0.452-1.35,0.422213012238445,0.644147204227646,0.388579708249887,-0.0572982419390243,0.0663966990726749,30,0.125,39,0.154,210,214,34,446,39,467,0.0708,0.0771,0.139959432048682,493
DQA1,06.01,DQA1:06.01,0.352089470969961,1.25536469976927,0.774-2.04,0.389832957314162,0.739462985507428,0.391864207063071,0.0522115620725426,0.0609233609240042,48,0.2,42,0.166,192,211,53,427,43,463,0.11,0.085,0.182555780933063,493
DQB1,06.01,DQB1:06.01,0.530191743619127,0.861800367670021,0.559-1.33,0.544405172097281,0.367436043026605,0.393128334511646,-0.045273927922364,0.052969521235808,56,0.231,65,0.259,186,186,60,424,68,434,0.124,0.135,0.245436105476673,493
DRB5,00.00,DRB5:00.00,0.338909192926243,0.65148085503788,0.277-1.48,0.356650553094109,0.849652886276744,0.409398568280317,-0.0796640634150579,0.0964856032436346,225,0.93,244,0.953,17,12,383,101,409,103,0.791,0.799,0.941767068273092,498
C,07.04,C:07.04,0.492709785152341,1.78465700989755,0.343-11.6,0.657985755673031,0.195979602050678,0.41023974902595,0.147556865761041,0.179035631506631,5,0.0207,3,0.0117,236,253,5,477,3,509,0.0104,0.00586,0.0160965794768612,497
B,37.01,B:37.01,0.724155965854378,1.67960926911821,0.322-10.9,0.721340020885364,0.127212389380531,0.414047442963782,0.146430462695789,0.179110573750642,5,0.0217,3,0.013,225,227,5,455,3,457,0.0109,0.00652,0.0173913043478261,460
DRB1,08.09,DRB1:08.09,0.624374134754004,0.355508915543417,0.00674-4.46,0.66578055335225,0.186577474684661,0.415282482582855,-0.206071493615195,0.252742772325689,1,0.00427,3,0.012,233,248,1,467,3,499,0.00214,0.00598,0.00824742268041237,485
DRB3,01.01,DRB3:01.01,0.609248853400945,1.19669241127471,0.573-2.52,0.728746508750702,0.120265687285839,0.415460720919988,0.0726344135837926,0.0891214555744655,19,0.0779,17,0.0659,225,241,20,468,17,499,0.041,0.0329,0.0717131474103586,502
B,13.02,B:13.02,0.416650856972871,0.546384351521311,0.142-1.85,0.415489981714343,0.663036515054452,0.416169665193998,-0.111525139600079,0.137037594470722,5,0.0217,9,0.0391,225,221,5,455,9,451,0.0109,0.0196,0.0304347826086957,460
DPB1,09.01,DPB1:09.01,0.687601555613173,1.26457917766433,0.53-3.06,0.702750392264101,0.145626473398824,0.417124136194254,0.0856159562288443,0.105424193812386,14,0.0586,12,0.0469,225,244,15,463,12,500,0.0314,0.0234,0.0525252525252525,495
DPB1,02.01,DPB1:02.01,0.634058492576014,1.10874127372231,0.75-1.64,0.654287145366338,0.200537742615496,0.425375910612997,0.0391144021086501,0.0490280527654645,83,0.347,83,0.324,156,173,97,381,88,424,0.203,0.172,0.335353535353535,495
B,40.01,B:40.01,0.42199104844999,1.23436226692299,0.767-1.99,0.421894470900578,0.645032051282051,0.429011611067274,0.0474170993664756,0.0599008841926829,52,0.226,44,0.191,178,186,55,405,53,407,0.12,0.115,0.208695652173913,460
DQB1,02.01,DQB1:02.01,0.723257749768059,1.17984697392013,0.553-2.54,0.773266820948503,0.0830041480847349,0.444374679656626,0.0720513266658895,0.094129422865159,18,0.0744,16,0.0637,224,235,18,466,16,486,0.0372,0.0319,0.0689655172413793,493
DRB5,01.03,DRB5:01.03,0.48599015104632,1.47503072190942,0.53-4.3,0.553165512900993,0.351676716259725,0.445219934847973,0.0906208782733862,0.118610185096948,11,0.0455,8,0.0312,231,248,11,473,8,504,0.0227,0.0156,0.0381526104417671,498
A,32.01,A:32.01,0.611689982339812,2.14929264628142,0.111-127,0.952200160714708,0.00359329446064141,0.447150301670059,0.221082371574927,0.290595533656892,2,0.0084,1,0.00392,236,254,2,474,1,509,0.0042,0.00196,0.00608519269776876,493
B,44.03,B:44.03,0.724155965854378,1.67960926911821,0.322-10.9,0.721340020885364,0.127212389380531,0.46393541435967,0.131977161559179,0.180050171786297,5,0.0217,3,0.013,225,227,5,455,3,457,0.0109,0.00652,0.0173913043478261,460
B,40.02,B:40.02,0.718371176396249,1.21646013040241,0.562-2.67,0.717831635527044,0.13057980271095,0.464017408486701,0.0676001209645951,0.0922405667093182,18,0.0783,15,0.0652,212,215,19,441,15,445,0.0413,0.0326,0.0717391304347826,460
B,35.05,B:35.05,1,0.498546587189259,0.00841-9.64,1,0,0.466232254282681,-0.213314719969062,0.292517369601748,1,0.00435,2,0.0087,229,228,1,459,2,458,0.00217,0.00435,0.00652173913043478,460
A,02.03,A:02.03,0.43966044659918,1.30712739577409,0.68-2.53,0.477354884638173,0.50490022047142,0.468020381235858,0.0570677091606127,0.0785761207502631,25,0.105,21,0.0824,213,234,26,450,21,489,0.0546,0.0412,0.0933062880324544,493
B,15.02,B:15.02,0.346468707118144,1.41430333237404,0.728-2.79,0.346360368337641,0.886746987951807,0.471395142897769,0.0591779209393577,0.0820987757230792,26,0.113,19,0.0826,204,211,26,434,19,441,0.0565,0.0413,0.0978260869565217,460
C,12.03,C:12.03,0.450433235343648,0.628664270197602,0.185-1.94,0.522206608742398,0.409533044413902,0.496108065958582,-0.0875113274224289,0.128478947531869,6,0.0249,10,0.0391,235,246,6,476,10,502,0.0124,0.0195,0.0321931589537223,497
C,05.01,C:05.01,0.624171710543934,0.352090629650927,0.00667-4.42,0.65876498678298,0.19502727508577,0.500586256067368,-0.170591581973525,0.25307827296056,1,0.00415,3,0.0117,240,253,1,481,3,509,0.00207,0.00586,0.00804828973843059,497
DPB1,17.01,DPB1:17.01,0.421176588901832,0.58703800000453,0.152-1.98,0.494345577318755,0.467054043428177,0.502095868948049,-0.0920890822310864,0.137099802657592,5,0.0209,9,0.0352,234,247,5,473,9,503,0.0105,0.0176,0.0282828282828283,495
DRB4,01.02,DRB4:01.02,0.612669269905138,2.13735911269139,0.111-127,0.955996708558198,0.00304460436000634,0.507488812638417,0.192637765279667,0.290453031829895,2,0.0082,1,0.00385,242,259,2,486,1,519,0.0041,0.00192,0.00595238095238095,504
DRB1,16.02,DRB1:16.02,0.757927876082564,0.891479152685861,0.46-1.71,0.829627729188483,0.0463020207123667,0.514138755350152,-0.0524618490801006,0.0803529554078721,21,0.0897,25,0.0996,213,226,22,446,26,476,0.047,0.0518,0.0948453608247423,485
DRB1,15.02,DRB1:15.02,0.679206033730229,0.861924879611537,0.48-1.54,0.689331273167303,0.159810252036934,0.514608599583547,-0.046327153115176,0.0710361154200828,27,0.115,33,0.131,207,218,28,440,33,469,0.0598,0.0657,0.123711340206186,485
C,03.04,C:03.04,0.594293492310307,1.13164414977031,0.729-1.76,0.635506231950427,0.224667591999306,0.519825862661023,0.0347386230739087,0.0539354620702016,58,0.241,56,0.219,183,200,63,419,60,452,0.131,0.117,0.229376257545272,497
DRB1,08.03,DRB1:08.03,0.691501037840125,0.878503274419951,0.502-1.53,0.721833491527073,0.126742725283526,0.529244324834045,-0.0422241531842567,0.0670630623897292,30,0.128,36,0.143,204,215,30,438,38,464,0.0641,0.0757,0.136082474226804,485
B,38.01,B:38.01,1,0,0-39,1,0,0.532158524584068,-0.318932857289216,0.510135066795646,0,0,1,0.00435,230,229,0,460,1,459,0,0.00217,0.00217391304347826,460
DRB1,14.04,DRB1:14.04,0.490969582031682,1.80277136791904,0.346-11.7,0.647847009128347,0.208625313694424,0.547254585875417,0.10855497037858,0.180231858237462,5,0.0214,3,0.012,229,248,5,463,3,499,0.0107,0.00598,0.0164948453608247,485
DQA1,01.03,DQA1:01.03,0.612488320061335,0.875005621027105,0.512-1.49,0.692352086668723,0.156550890963449,0.549088564607983,-0.0386931801213507,0.0645376115328825,33,0.138,39,0.154,207,214,33,447,41,465,0.0688,0.081,0.14604462474645,493
DPB1,04.01,DPB1:04.01,1,1.0369992110896,0.568-1.89,1,1.83806241253118e-30,0.553999915040011,0.0432786518934718,0.0730828998410325,27,0.113,28,0.109,212,228,29,449,29,483,0.0607,0.0566,0.111111111111111,495
DPB1,01.01,DPB1:01.01,1,0.534265847736277,0.00901-10.3,0.999999999999991,1.33277474736758e-28,0.554882165305841,-0.171829876502267,0.290809467319387,1,0.00418,2,0.00781,238,254,1,477,2,510,0.00209,0.00391,0.00606060606060606,495
DRB5,02.02,DRB5:02.02,0.745634696967646,1.32835059164993,0.282-6.78,0.932147249845669,0.00724942801551486,0.576179012412267,0.0945469844638251,0.169030808136969,5,0.0207,4,0.0156,237,252,5,479,4,508,0.0103,0.00781,0.0180722891566265,498
DRB1,15.01,DRB1:15.01,0.557897193745414,1.15137867264074,0.706-1.88,0.630123617455116,0.231893160971088,0.576428342274403,0.03329985364961,0.0595712405338753,45,0.192,43,0.171,189,208,48,420,46,456,0.103,0.0916,0.181443298969072,485
DRB5,01.01,DRB5:01.01,0.834146982963549,0.943967209597842,0.612-1.45,0.86462276208521,0.0290677229375738,0.579345591101231,-0.0296735231755151,0.0534938271211238,57,0.236,63,0.246,185,193,65,419,69,443,0.134,0.135,0.240963855421687,498
DRB1,12.01,DRB1:12.01,0.843351155324468,1.16466601401937,0.495-2.76,0.851237184307851,0.0351712899828298,0.589166083088214,0.054922508200093,0.101631345569292,14,0.0598,13,0.0518,220,238,15,453,13,489,0.0321,0.0259,0.0556701030927835,485
B,18.02,B:18.02,1,2.00583059977979,0.104-119,1,0,0.595853410966153,0.15491712965873,0.291884901321161,2,0.0087,1,0.00435,228,229,2,458,1,459,0.00435,0.00217,0.00652173913043478,460
DQA1,04.01,DQA1:04.01,0.577669312413281,0.652155209511691,0.165-2.3,0.64123744493883,0.217127428259391,0.601712000993989,-0.0751671051738236,0.143920740312093,5,0.0208,8,0.0316,235,245,5,475,8,498,0.0104,0.0158,0.026369168356998,493
DPB1,02.02,DPB1:02.02,0.459396708465734,1.22512548508255,0.734-2.05,0.483321983356354,0.491358388662219,0.63120637274395,0.0304415190941722,0.0633760397395197,41,0.172,37,0.145,198,219,44,434,39,473,0.0921,0.0762,0.157575757575758,495
DQA1,05.03,DQA1:05.03,1,0.788354413876767,0.114-4.71,0.999999999999997,1.12772829706064e-29,0.631240237159759,-0.0916840213669641,0.190894936044526,3,0.0125,4,0.0158,237,249,3,477,4,502,0.00625,0.00791,0.0141987829614604,493
DRB3,03.01,DRB3:03.01,0.831423436049845,1.05031652549729,0.676-1.63,0.902034002752749,0.0151517161437183,0.63439173943924,0.0262315805498941,0.055125893708587,56,0.23,57,0.221,188,201,62,426,58,458,0.127,0.112,0.225099601593625,502
B,13.01,B:13.01,0.766740810001177,0.876196854362435,0.467-1.64,0.766463522607133,0.0882113236492641,0.643152450162142,-0.0351916042962121,0.0759084802083759,24,0.104,27,0.117,206,203,25,435,28,432,0.0543,0.0609,0.110869565217391,460
DPA1,02.01,DPA1:02.01,0.738584835474566,1.08230021552726,0.682-1.72,0.807997905809965,0.0590537000736647,0.650577751199285,0.0254234834317986,0.0560935193301822,50,0.205,50,0.192,194,210,52,436,51,469,0.107,0.0981,0.198412698412698,504
A,68.01,A:68.01,1,1.07215938863617,0.142-8.09,0.999999999999997,1.59276338444832e-29,0.66216678814927,0.0907310283168251,0.207531885533616,3,0.0126,3,0.0118,235,252,3,473,3,507,0.0063,0.00588,0.0121703853955375,493
A,24.02,A:24.02,0.707165937729197,0.917319911661626,0.624-1.35,0.714333002343119,0.133987465221374,0.688906619536843,-0.0198822590327873,0.0496339440116891,83,0.349,94,0.369,155,161,98,378,104,406,0.206,0.204,0.359026369168357,493
B,57.01,B:57.01,1,0.829967017509279,0.197-3.32,1,0,0.689323196640314,-0.0619579246394798,0.154883525970792,5,0.0217,6,0.0261,225,224,5,455,6,454,0.0109,0.013,0.0239130434782609,460
DQB1,04.02,DQB1:04.02,0.751795212382412,0.686794812807639,0.141-2.94,0.793934925686148,0.0682277111290308,0.690835790708857,-0.0648171611281814,0.162874518942452,4,0.0165,6,0.0239,238,245,4,480,6,496,0.00826,0.012,0.0202839756592292,493
DPB1,19.01,DPB1:19.01,0.789295476930101,0.798645507092801,0.225-2.67,0.887990136893238,0.0198381183095324,0.701024504841401,-0.0523503441823154,0.136271115786838,6,0.0251,8,0.0312,233,248,6,472,9,503,0.0126,0.0176,0.0282828282828283,495
B,15.11,B:15.11,1,0.796854666057807,0.156-3.75,1,0,0.710029968407423,-0.0633353867643654,0.170233997100051,4,0.0174,5,0.0217,226,225,4,456,5,455,0.0087,0.0109,0.0195652173913044,460
A,01.01,A:01.01,0.816121208725579,1.1983867325917,0.429-3.4,0.87809786044255,0.0235257183041992,0.71832912364851,0.0427430690403114,0.118433968195282,10,0.042,9,0.0353,228,246,10,466,9,501,0.021,0.0176,0.0385395537525355,493
B,07.02,B:07.02,0.545500380019524,0.720454259089278,0.292-1.72,0.544703740861134,0.366891173342786,0.724016088135259,-0.0367569283290854,0.104034358004015,11,0.0478,15,0.0652,219,215,11,449,15,445,0.0239,0.0326,0.0565217391304348,460
DQA1,05.05,DQA1:05.05,0.684142445233787,1.14327688807546,0.648-2.02,0.720331452278854,0.128175348682364,0.724809215270275,0.0243052728841488,0.0690016467583061,32,0.133,30,0.119,208,223,36,444,31,475,0.075,0.0613,0.125760649087221,493
DRB1,11.01,DRB1:11.01,0.629487096526406,1.19813392868874,0.605-2.39,0.689611570970277,0.159506181352768,0.726025354513835,0.0288227306590682,0.0822043396364613,22,0.094,20,0.0797,212,231,23,445,21,481,0.0491,0.0418,0.0865979381443299,485
DQB1,03.01,DQB1:03.01,0.699501882752059,1.09508027972175,0.737-1.63,0.707701894426341,0.140583225398547,0.734828709596487,0.016680545441653,0.0492191990165603,80,0.331,78,0.311,162,173,98,386,84,418,0.202,0.167,0.320486815415822,493
B,40.06,B:40.06,0.819847419696538,0.811148016963338,0.291-2.2,0.819154719916242,0.0522727272727273,0.746924982485162,-0.0374375546202438,0.115944173389166,9,0.0391,11,0.0478,221,219,9,451,11,449,0.0196,0.0239,0.0434782608695652,460
DRB1,13.01,DRB1:13.01,1,1.07309094923813,0.0772-14.9,1,4.18322212933799e-31,0.782923851539439,0.0695354974514301,0.25224588807277,2,0.00855,2,0.00797,232,249,2,466,2,500,0.00427,0.00398,0.00824742268041237,485
B,52.01,B:52.01,1,1.07145761798319,0.483-2.39,1,0,0.784090544281073,0.0271114198309097,0.0988910063093776,16,0.0696,15,0.0652,214,215,18,442,15,445,0.0391,0.0326,0.0673913043478261,460
DPB1,13.01,DPB1:13.01,1,0.989129782387948,0.589-1.66,1,0,0.784381433266351,-0.0173248628783244,0.063283887711221,37,0.155,40,0.156,202,216,37,441,41,471,0.0774,0.0801,0.155555555555556,495
DQB1,06.04,DQB1:06.04,1,1.0375902814651,0.138-7.82,1,1.31250585980598e-31,0.785192995295695,0.056919730406952,0.208720145486794,3,0.0124,3,0.012,239,248,4,480,3,499,0.00826,0.00598,0.0121703853955375,493
DQB1,02.02,DQB1:02.02,0.586192256917007,0.79520489626102,0.357-1.74,0.658700545783431,0.195105925647993,0.794696491362017,-0.0242160663341557,0.0930100964311922,14,0.0579,18,0.0717,228,233,14,470,19,483,0.0289,0.0378,0.0649087221095335,493
B,44.02,B:44.02,1,0.498546587189259,0.00841-9.64,1,0,0.80077573466888,-0.0742441539114639,0.294046571973,1,0.00435,2,0.0087,229,228,1,459,2,458,0.00217,0.00435,0.00652173913043478,460
B,51.02,B:51.02,0.787268688582699,1.34447788017182,0.402-4.78,0.786065319119329,0.0736707238949392,0.805061513309419,0.0339076266672789,0.137307766953955,8,0.0348,6,0.0261,222,224,8,452,6,454,0.0174,0.013,0.0304347826086957,460
A,26.01,A:26.01,0.500290298824719,0.763726439490031,0.365-1.57,0.533018586188712,0.388633465531962,0.806597666745667,-0.0216163953293121,0.0882478885425135,16,0.0672,22,0.0863,222,233,16,460,23,487,0.0336,0.0451,0.077079107505071,493
DRB1,04.06,DRB1:04.06,1,1.07503559481164,0.345-3.35,1,4.83262759678392e-31,0.811642636157922,0.0305085935320669,0.127951387296052,8,0.0342,8,0.0319,226,243,8,460,8,494,0.0171,0.0159,0.0329896907216495,485
DPA1,01.03,DPA1:01.03,0.858297763705864,0.963407207517466,0.668-1.39,0.905071365401786,0.0142223476397498,0.81417848169456,0.0107305598607839,0.0456302051309673,131,0.537,142,0.546,113,118,160,328,163,357,0.328,0.313,0.541666666666667,504
B,35.03,B:35.03,1,1,0.0127-78.8,1,0,0.848647121066479,0.0682541427699844,0.357437918965813,1,0.00435,1,0.00435,229,229,1,459,1,459,0.00217,0.00217,0.00434782608695652,460
DRB5,01.02,DRB5:01.02,1,1.06104005623377,0.443-2.54,1,1.94334730549142e-30,0.854889791584957,0.0193282664517478,0.105631004494724,13,0.0537,13,0.0508,229,243,14,470,13,499,0.0289,0.0254,0.0522088353413655,498
DQA1,05.08,DQA1:05.08,1,1.05476172892297,0.14-7.95,1,1.31568301323741e-31,0.865014504761595,0.0352406484274951,0.207195236826146,3,0.0125,3,0.0119,237,250,3,477,3,503,0.00625,0.00593,0.0121703853955375,493
C,15.02,C:15.02,1,0.979547441092884,0.399-2.38,1,2.67654282091932e-32,0.865233047303117,0.0176848172803781,0.104147499102512,12,0.0498,13,0.0508,229,243,12,470,13,499,0.0249,0.0254,0.0503018108651912,497
DQA1,01.02,DQA1:01.02,0.923890827682807,1.02405436640585,0.691-1.52,0.977218873961879,0.000815433013541835,0.867755265810331,0.00807561316508967,0.0484735583594817,80,0.333,83,0.328,160,170,94,386,93,413,0.196,0.184,0.330628803245436,493
DQB1,06.03,DQB1:06.03,1,0.689405456714996,0.0571-6.07,1,1.45535144290872e-32,0.869079655045858,-0.0374022999472345,0.22679803423369,2,0.00826,3,0.012,240,248,2,482,3,499,0.00413,0.00598,0.0101419878296146,493
C,08.01,C:08.01,0.728001143999444,1.1058715000032,0.684-1.79,0.74996148879631,0.101563408235263,0.871639001191654,0.00943350897930963,0.0583535021515586,46,0.191,45,0.176,195,211,47,435,49,463,0.0975,0.0957,0.183098591549296,497
DRB1,04.01,DRB1:04.01,1,1.07309094923813,0.0772-14.9,1,4.18322212933799e-31,0.880823223598434,0.0378842228834763,0.252551811888859,2,0.00855,2,0.00797,232,249,2,466,2,500,0.00427,0.00398,0.00824742268041237,485
DRB1,14.03,DRB1:14.03,1,1.07277659082148,0.0136-84.5,0.999999999999988,2.34557249688701e-28,0.88110299332264,0.053427438925429,0.357013684589818,1,0.00427,1,0.00398,233,250,1,467,1,501,0.00214,0.00199,0.00412371134020619,485
A,74.02,A:74.02,1,1.07154916524574,0.0136-84.4,1,5.18710138494898e-31,0.884643127077157,-0.0516837811163697,0.356042399764244,1,0.0042,1,0.00392,237,254,1,475,1,509,0.0021,0.00196,0.00405679513184584,493
DQB1,05.01,DQB1:05.01,1,1.00772478423418,0.581-1.75,0.999999999999999,3.01515995123882e-30,0.885985645804306,0.009625713921352,0.0670964968225538,33,0.136,34,0.135,209,217,33,451,36,466,0.0682,0.0717,0.135902636916836,493
C,04.01,C:04.01,0.864392649060813,1.06709395640703,0.509-2.24,0.988048834563717,0.000224374177815819,0.89104371962601,0.0120171067486255,0.0876810836305859,18,0.0747,18,0.0703,223,238,19,463,18,494,0.0394,0.0352,0.0724346076458753,497
DPB1,104.0,DPB1:104.0,0.773276368184433,0.760492436359962,0.188-2.83,0.863514094455849,0.0295505074094798,0.89607142621171,-0.0194472211162729,0.148800078621469,5,0.0209,7,0.0273,234,249,5,473,8,504,0.0105,0.0156,0.0242424242424242,495
C,06.02,C:06.02,1,0.946748778578585,0.45-1.98,0.999999999999998,5.61479205099519e-30,0.898431324968771,0.0111670252299123,0.0874409781539398,17,0.0705,19,0.0742,224,237,18,464,19,493,0.0373,0.0371,0.0724346076458753,497
A,02.06,A:02.06,1,0.980360703512034,0.508-1.88,0.999999999999998,9.88966988259683e-30,0.898797351947838,0.0100633117026685,0.0790848031224954,22,0.0924,24,0.0941,216,231,23,453,25,485,0.0483,0.049,0.0933062880324544,493
B,54.01,B:54.01,1,1,0.443-2.26,1,0,0.906582837109461,0.0112021434537524,0.0954061147935525,15,0.0652,15,0.0652,215,215,16,444,15,445,0.0348,0.0326,0.0652173913043478,460
DRB5,01.08N,DRB5:01.08N,1,1.05872936411637,0.195-5.75,0.999999999999997,1.54789759149496e-29,0.907779014155381,-0.0208748624366163,0.180110839354997,4,0.0165,4,0.0156,238,252,4,480,4,508,0.00826,0.00781,0.0160642570281124,498
B,48.01,B:48.01,1,1,0.321-3.12,1,0,0.912289210081131,0.0141110924997144,0.128034819420644,8,0.0348,8,0.0348,222,222,8,452,8,452,0.0174,0.0174,0.0347826086956522,460
B,39.01,B:39.01,1,1,0.365-2.74,1,0,0.913160561261563,0.0125191046790185,0.114734545976248,10,0.0435,10,0.0435,220,220,10,450,12,448,0.0217,0.0261,0.0434782608695652,460
A,02.01,A:02.01,0.795479110181121,0.915420483861833,0.53-1.57,0.833269091729191,0.0443147600166675,0.914470286231052,0.00717964174820985,0.0668137735536198,32,0.134,37,0.145,206,218,35,441,37,473,0.0735,0.0725,0.139959432048682,493
DQB1,05.02,DQB1:05.02,0.738824686532018,1.09999665073685,0.695-1.74,0.750284715795673,0.101291951609063,0.920765698782043,0.0058159725117057,0.0584397479639621,52,0.215,50,0.199,190,201,61,423,54,448,0.126,0.108,0.206896551724138,493
B,55.02,B:55.02,1,1,0.401-2.49,1,0,0.92428394897581,0.0100019662248814,0.105182329896126,12,0.0522,12,0.0522,218,218,12,448,12,448,0.0261,0.0261,0.0521739130434783,460
C,12.02,C:12.02,1,1.01763643414688,0.524-1.97,1,1.00619061090843e-30,0.928699287643403,0.00734873089145894,0.0820835981120476,22,0.0913,23,0.0898,219,233,24,458,23,489,0.0498,0.0449,0.0905432595573441,497
DRB1,01.01,DRB1:01.01,0.822340690706905,0.872971979129419,0.313-2.37,0.945534064900348,0.00466707977391047,0.93006801563907,0.0103079130857522,0.117394935823448,9,0.0385,11,0.0438,225,240,9,459,11,491,0.0192,0.0219,0.0412371134020619,485
DRB1,07.01,DRB1:07.01,0.873664499475487,0.926624595121378,0.468-1.82,0.937217329743319,0.00620436365866207,0.941685031556282,0.00592643493465323,0.0809726697607187,20,0.0855,23,0.0916,214,228,20,448,24,478,0.0427,0.0478,0.088659793814433,485
DPA1,04.01,DPA1:04.01,1,1.06879361608727,0.43-2.66,1,5.26437819726304e-31,0.963768693753996,-0.00477728849348609,0.105116219772689,12,0.0492,12,0.0462,232,248,12,476,12,508,0.0246,0.0231,0.0476190476190476,504
DRB1,13.02,DRB1:13.02,0.686956217706158,0.835351645861724,0.335-2.03,0.817384339691183,0.0533196552326553,0.96811121179647,0.00425444767407863,0.106365928155598,11,0.047,14,0.0558,223,237,13,455,14,488,0.0278,0.0279,0.0515463917525773,485
DRB1,13.12,DRB1:13.12,1,1.07405051819352,0.244-4.73,1,5.98608985694832e-32,0.972993461928744,-0.00544075659703807,0.160627745619517,5,0.0214,5,0.0199,229,246,5,463,5,497,0.0107,0.00996,0.0206185567010309,485
C,14.02,C:14.02,0.595264273516171,0.864001599575483,0.491-1.51,0.680993569566199,0.169009534874875,0.974701127052782,-0.00219292465298932,0.0691143865245479,29,0.12,35,0.137,212,221,30,452,36,476,0.0622,0.0703,0.128772635814889,497
DRB1,08.02,DRB1:08.02,1,0.89176954916416,0.212-3.56,1,5.99871873850306e-32,0.975247864502077,0.00485601092549234,0.156426554802363,5,0.0214,6,0.0239,229,245,5,463,6,496,0.0107,0.012,0.022680412371134,485
DQA1,02.01,DQA1:02.01,0.873381522315703,0.909274708583875,0.459-1.79,0.890005139310889,0.0191262551790233,0.97650821415688,0.00237951771653516,0.0807657208559841,20,0.0833,23,0.0909,220,230,20,460,24,482,0.0417,0.0474,0.0872210953346856,493
B,15.18,B:15.18,1,1,0.227-4.41,1,0,0.983913600239132,-0.00326178660268717,0.161684384547488,5,0.0217,5,0.0217,225,225,5,455,5,455,0.0109,0.0109,0.0217391304347826,460
DQB1,06.10,DQB1:06.10,1,1.03727811122741,0.0132-81.7,1,9.6470797773186e-31,0.984982313282767,0.00670708814756523,0.35614132303039,1,0.00413,1,0.00398,241,250,1,483,1,501,0.00207,0.00199,0.00405679513184584,493
DPB1,135.0,DPB1:135.0,1,1.07185383133247,0.142-8.08,0.999999999999994,4.75191786468835e-29,0.989800416880641,0.00263208830806322,0.205789967793639,3,0.0126,3,0.0117,236,253,3,475,3,509,0.00628,0.00586,0.0121212121212121,495
DRB1,14.05,DRB1:14.05,1,0.989625552324727,0.403-2.41,0.999999999999998,8.0878725178324e-30,0.993608158803734,0.000826911082365588,0.103167182588801,12,0.0513,13,0.0518,222,238,12,456,14,488,0.0256,0.0279,0.0515463917525773,485
B,27.04,B:27.04,1,1.14766025219792,0.357-3.79,1,0,0.998571662270875,-0.000237325487366855,0.132499473725705,8,0.0348,7,0.0304,222,223,8,452,7,453,0.0174,0.0152,0.0326086956521739,460
