sample.id,DPA1.1,DPA1.2,DPA1.prob,matching
HG00403,02:02,02:02,0.996980357829312,3.56029599224609e-05
HG00404,02:02,02:02,0.974644855307409,2.10576021653224e-05
HG00406,02:02,02:02,0.961512408908469,2.45336578168908e-05
HG00407,01:03,04:01,0.750197354877814,9.17447508284008e-06
HG00409,01:03,02:02,0.976811834996442,0.000272539274354208
HG00410,02:02,02:02,0.999340209508756,0.000793234552642009
HG00419,02:02,02:02,0.998607532566369,0.000877447155385669
HG00421,02:01,02:02,0.999421209545221,3.94649772949058e-05
HG00422,02:02,02:02,0.981440698313104,7.57158506034615e-05
HG00428,02:01,02:02,0.967151346806903,1.74151019632552e-05
HG00436,01:03,01:03,0.991885576995516,8.49818565614639e-06
HG00437,02:02,02:02,0.999999213782224,0.00159323840750601
HG00442,01:03,02:02,0.989197175447463,0.000369198356341222
HG00443,01:03,02:02,0.999999203902204,5.92467552396999e-05
HG00445,01:03,01:03,0.986002858094853,3.98032450710395e-06
HG00446,01:03,02:01,0.993727887475151,2.04737935655372e-05
HG00448,02:02,02:02,0.999999821073508,0.00126164310326221
HG00449,02:01,02:02,0.983763509280212,0.000247052210444655
HG00451,02:01,02:02,0.883634608694695,1.18982913325369e-05
HG00452,01:03,01:03,0.996705292493609,7.11941161145292e-05
HG00457,02:02,02:02,0.996111960687266,0.00041965912681853
HG00458,01:03,02:02,0.999961015870585,0.000495435108186963
HG00463,01:03,02:02,0.996760622781982,0.000509814485414994
HG00464,01:03,02:02,0.985910032493371,0.00016085611803567
HG00472,02:02,02:02,0.989206393516825,0.000191771459573639
HG00473,01:03,02:02,0.874144069786038,3.80264017408467e-05
HG00475,02:01,02:02,0.915308494496422,1.08899605248151e-05
HG00476,01:03,02:02,0.999867551817769,0.000186898657645356
HG00478,02:02,02:02,0.997166428708205,0.000882535392620084
HG00479,02:02,02:02,0.999919529513907,0.000137124787569824
HG00500,02:02,04:01,0.922044565932515,8.18331230377735e-06
HG00513,02:01,02:02,0.982978308497932,6.47650418384388e-05
HG00524,01:03,02:02,0.999728023580533,7.24844153567861e-05
HG00525,01:03,02:02,0.900373635738297,2.39122141625233e-07
HG00530,02:01,02:02,0.793024722965449,1.69956503338313e-05
HG00531,02:01,02:02,0.950618776682705,6.84403133167098e-06
HG00533,02:02,02:02,0.98129586561022,7.16613288126534e-05
HG00534,02:01,04:01,0.910157706005048,3.52871386830088e-06
HG00536,01:03,02:02,0.996484544679365,0.000167582027344719
HG00537,01:03,04:01,0.910422816621063,1.63171660439849e-05
HG00542,02:01,04:01,0.922745983999861,2.39538941424835e-05
HG00543,02:02,04:01,0.968051821820418,1.55993476014299e-05
HG00556,02:02,02:02,0.999624302469111,0.000347449342200893
HG00557,02:02,02:02,0.98685426524143,3.24856549460207e-05
HG00559,01:03,02:02,0.999296748798013,0.000808414530911105
HG00560,02:02,02:02,0.99889610720825,0.000189655959594796
HG00565,02:02,02:02,0.987804151536323,0.000546758442598792
HG00566,01:03,02:02,0.997168455217577,0.00127478888399528
HG00580,02:02,02:02,0.989160203661025,6.44817329772677e-05
HG00581,01:03,02:02,0.998722947323598,5.76150103045793e-05
HG00583,01:03,02:02,0.991456048542666,7.57626094950495e-05
HG00584,02:02,02:02,0.998534532252018,0.000293472582434423
HG00589,01:03,01:03,0.831218717500487,5.15400853372498e-06
HG00590,01:03,01:03,0.984600119042837,2.11395456394973e-05
HG00592,01:03,02:01,0.923874580376127,3.21664005417997e-06
HG00593,01:03,02:02,0.929814515773962,7.19809732129057e-06
HG00595,01:03,02:02,0.998033399819329,0.000301190200082864
HG00596,01:03,02:02,0.997667046407168,0.000270206776959774
HG00598,01:03,02:02,0.998637081431465,0.000596580346889598
HG00599,01:03,02:02,0.99738562165413,0.00042448784034476
HG00607,01:03,02:02,0.988457024868173,2.21995719119626e-05
HG00608,02:01,02:02,0.904947475845357,3.43718352122833e-05
HG00610,01:03,02:02,0.947269034151813,6.81776316942286e-06
HG00611,02:02,02:02,0.999172925466068,0.000231507145820304
HG00613,02:01,02:02,0.973176989198463,2.50795567934462e-05
HG00614,02:02,02:02,0.999999761999693,0.000900775262817799
HG00619,01:03,02:02,0.976272842579382,5.06567119175707e-05
HG00620,01:03,02:02,0.995379175886336,0.000141548838542167
HG00622,01:03,02:02,0.998070125227009,4.47067090293083e-05
HG00623,01:03,02:02,0.973490709978775,5.24098207521952e-05
HG00625,01:03,02:02,0.998478912639454,4.88621514594894e-05
HG00626,02:02,02:02,0.964848422953432,5.58817643921735e-05
HG00628,01:03,02:02,0.987630145104722,1.34540338371284e-05
HG00629,01:03,02:02,0.981091285719475,2.63389483499658e-05
HG00631,02:01,02:02,0.880636727391618,2.23753732235594e-05
HG00632,02:02,02:02,0.998135282514871,0.00166049715437701
HG00634,01:03,04:01,0.919486946674455,1.1710379750178e-05
HG00650,02:02,02:02,0.991124424778792,0.00013964048079815
HG00651,02:02,02:02,0.890444713479463,3.0080057174629e-05
HG00653,02:02,04:01,0.872508820508509,9.27489253517748e-06
HG00654,01:03,02:02,0.909757228283439,7.72774720858344e-06
HG00656,02:02,02:02,0.999999750717082,0.00159891238161581
HG00657,02:02,02:02,0.994127600754712,3.56889892815176e-05
HG00662,01:03,02:02,0.999998654288492,0.000199035162508891
HG00663,01:03,02:02,0.990332547697705,0.000152176497596671
HG00671,01:03,02:02,0.997517489163133,0.000454498746599273
HG00672,01:03,02:02,0.987750555162517,2.24335425487922e-05
HG00674,01:03,02:01,0.797418920679188,3.62878035517993e-06
HG00675,02:02,02:02,0.999745600278572,0.000437857781724875
HG00683,02:02,02:02,0.954293621678912,1.33569783574814e-05
HG00684,01:03,02:02,0.997938871917042,0.000278585452811655
HG00689,01:03,02:02,0.769617637528891,5.20312384521694e-05
HG00690,02:02,02:02,0.995873436991655,0.000650560666850896
HG00692,02:02,02:02,0.992732479332689,0.000187348750667144
HG00693,02:02,04:01,0.86107516946525,5.15124395319645e-06
HG00698,01:03,02:02,0.982438731022913,1.07356998620561e-06
HG00699,01:03,01:03,0.999711100035367,7.82412591361255e-05
HG00701,01:03,04:01,0.6343330216244,9.95704276624747e-07
HG00704,02:02,04:01,0.469546136500412,4.45232581393647e-06
HG00705,02:01,02:02,0.968148224391063,5.17530837159991e-05
HG00707,02:02,02:02,0.998735552206076,0.000186565070323797
HG00708,02:02,02:02,0.542320092811826,6.05818271276506e-06
HG00717,02:02,02:02,0.989253898179943,6.72199711757631e-05
HG00728,01:03,02:02,0.989347488451693,0.000795766056770671
HG00729,02:02,02:02,0.993040830657386,0.000405198304956631
HG00759,01:03,02:02,0.984891184327271,1.47454743193156e-05
HG00766,01:03,02:02,0.989545113353613,0.000171400735479313
HG00844,02:02,02:02,0.999710178080471,0.000496588671790632
HG00851,02:02,02:02,0.943705177996659,1.21369990157907e-05
HG00864,01:03,02:02,0.997126519178368,3.64414395448223e-05
HG00867,01:03,02:01,0.902392571821807,7.10736665732394e-06
HG00879,01:03,01:03,0.976907142370942,6.27485881977702e-06
HG00881,02:01,02:02,0.765790463761581,4.20453219473026e-05
HG00956,02:02,02:02,0.997601613808981,0.00035596899067395
HG00978,02:02,02:02,0.998581847848222,0.000308156675542825
HG00982,02:02,02:02,0.995536825368494,0.00133261910592363
HG01028,02:02,02:02,0.991090104792759,0.000434891501292117
HG01029,01:03,02:02,0.989364228959345,1.91564147314275e-05
HG01031,02:02,02:02,0.983912847349101,0.000174905581810834
HG01046,02:01,02:02,0.936516611700554,4.44207122541994e-05
HG01595,02:01,02:02,0.947306750790291,2.95731818579721e-05
HG01596,02:02,02:02,0.979464985786493,6.65606444060634e-05
HG01597,02:02,02:02,0.442669773775251,1.2649347383364e-06
HG01598,01:03,02:02,0.998022761762487,7.89962252201972e-05
HG01599,02:02,02:02,0.483521313168832,1.26824191085841e-06
HG01600,02:02,02:02,0.997296553313388,0.00111533757758708
HG01794,02:01,02:02,0.911515012553482,3.03434472240814e-05
HG01795,01:03,01:03,0.990701046064031,6.23510231514126e-05
HG01796,01:03,02:02,0.949826091381921,3.90070334421978e-06
HG01797,01:03,02:02,0.999142745451729,9.36212749555796e-05
HG01798,01:03,02:02,0.989901734364032,1.81613925210374e-05
HG01799,02:02,02:02,0.998643614373962,0.000430760510342254
HG01800,01:03,02:01,0.933160165615587,9.43551047458589e-06
HG01801,02:02,02:02,0.9841670066612,0.00033602161132892
HG01802,01:03,02:02,0.98913222305384,0.000172591163971499
HG01804,02:02,02:02,0.999719352000213,0.00207201214250209
HG01805,02:02,02:02,0.877337009966021,7.55626100693038e-06
HG01806,02:02,02:02,0.990321657035848,0.000576595697825982
HG01807,02:02,02:02,0.992029631575414,0.00150902013534126
HG01808,01:03,02:02,0.997313866352142,0.000365113087076596
HG01809,01:03,02:02,0.938528087342984,8.15223923267443e-05
HG01810,01:03,02:02,0.999942798071992,0.00181500490538779
HG01811,02:02,02:02,0.887372951438162,2.4334278770058e-05
HG01812,02:02,02:02,0.997398168880969,0.000165254644181922
HG01813,01:03,02:02,0.994370216714446,5.84671891547589e-05
HG01815,01:03,02:02,0.987668061156271,0.000218932770453347
HG01816,02:02,02:02,0.979450771427206,4.19681169463418e-05
HG01817,02:01,02:02,0.873750926397693,6.48582561025214e-05
HG01840,01:03,01:03,0.97470817497831,3.09578594975776e-06
HG01841,01:03,02:02,0.990201210804825,3.27538601303633e-06
HG01842,01:03,02:02,0.988037538712267,1.80480420304681e-05
HG01843,02:02,02:02,0.600521488084897,2.71491097351611e-05
HG01844,01:03,04:01,0.827932845813871,2.05426807283994e-06
HG01845,02:01,02:02,0.880629880727861,2.8741384372619e-05
HG01846,01:03,02:01,0.946147560726196,6.09372475469492e-05
HG01847,02:01,02:02,0.808737381338218,1.07513352283115e-06
HG01848,02:02,02:02,0.999999736316142,0.00102246792591382
HG01849,02:01,02:02,0.977120651062206,8.51048067968899e-05
HG01850,01:03,02:02,0.903824935565935,8.07555227944153e-06
HG01851,01:03,02:02,0.986431794181997,8.19906568042727e-05
HG01852,02:02,02:02,0.997086113004609,0.000572269071036848
HG01853,01:03,02:02,0.972102564850761,0.00017200117118006
HG01855,01:03,02:02,0.985807611042368,0.000186113919760637
HG01857,02:02,02:02,0.464949748837517,2.25745409661523e-06
HG01858,02:01,02:02,0.988994333043775,4.21124234780197e-05
HG01859,01:03,01:03,0.97148704639193,1.69969798214815e-06
HG01860,02:02,04:01,0.790625445705891,4.65463547394061e-06
HG01861,02:01,02:02,0.689234334073759,1.72765437983356e-06
HG01862,01:03,02:02,0.76049491740676,8.39848756116752e-06
HG01863,02:02,02:02,0.999999943175228,0.00161664890948785
HG01864,02:02,02:02,0.999089609510682,0.000493239345412189
HG01865,01:03,02:02,0.883547630547904,3.3131862426599e-06
HG01866,01:03,01:03,0.990389446835686,4.99826223469834e-05
HG01867,01:03,02:02,0.977639635024744,3.47892286500835e-06
HG01868,02:02,02:02,0.862582150467926,1.82925697581263e-05
HG01869,01:03,02:02,0.972843583889758,5.86479325919033e-05
HG01870,02:02,02:02,0.88871774669514,1.57714969773992e-05
HG01871,02:02,02:02,0.995220219936132,0.000353999125311294
HG01872,02:02,04:01,0.533541325441346,7.55092450850549e-05
HG01873,01:03,02:01,0.829795711056183,4.63105505284391e-06
HG01874,01:03,01:03,0.915494489297997,4.59448415203737e-06
HG01878,01:03,04:01,0.663147330076811,5.09443752543521e-06
HG02016,01:03,02:02,0.96528284683062,0.000125646644739865
HG02017,02:02,02:02,0.957743360492853,1.42033878922223e-06
HG02019,01:03,01:03,0.966555279802826,3.24267633986225e-05
HG02020,01:03,02:02,0.982871078586743,0.000217838195234165
HG02023,01:03,02:02,0.993152871034688,0.000389005673578808
HG02025,01:03,02:01,0.853768370784279,4.49803317823153e-06
HG02026,01:03,02:02,0.999553727457984,1.74623096910417e-05
HG02028,02:02,02:02,0.999178424939047,0.000817928696417085
HG02029,01:03,02:02,0.904923616828705,2.70960179038316e-06
HG02031,02:02,02:02,0.99833855245275,0.000279943617660906
HG02032,01:03,02:02,0.939913808866078,1.47598764838339e-05
HG02035,01:03,02:02,0.975441517643378,8.15752075919899e-06
HG02040,01:03,02:02,0.963689718724519,3.66562911308657e-05
HG02047,02:01,02:02,0.898505182726662,2.56774702431432e-05
HG02048,01:03,01:03,0.950918974082697,3.55908823143559e-07
HG02049,01:03,02:02,0.885313586985421,1.6655622922411e-05
HG02050,02:02,02:02,0.975238591178812,0.00017377541433047
HG02057,02:02,02:02,0.998305695064432,0.00057813952390119
HG02058,02:02,04:01,0.434115394580333,1.17755372585677e-07
HG02060,01:03,02:02,0.902415217921077,2.55698586600226e-05
HG02061,02:02,02:02,0.999284138680906,8.5956393781498e-05
HG02064,02:01,04:01,0.692561661401981,1.64767855300375e-07
HG02067,02:02,02:02,0.999706860256511,0.000219369817385232
HG02069,01:03,02:02,0.93493466062265,2.63954983198291e-05
HG02070,02:02,02:02,0.990979580104153,9.08049079316565e-05
HG02072,01:03,04:01,0.911084051387431,1.22239701663478e-05
HG02073,01:03,02:02,0.956616837435623,7.38560862055765e-06
HG02075,02:02,02:02,0.955050068765318,3.45081271832922e-05
HG02076,01:03,02:02,0.978244518751719,0.000334300974220272
HG02078,01:03,04:01,0.70251844481011,7.75307094621747e-07
HG02079,01:03,02:02,0.975358818218088,0.000113004094267053
HG02081,02:01,02:01,0.747597754008642,3.54736023600391e-07
HG02082,02:02,02:02,0.999999817884701,0.000580217155297119
HG02084,02:02,02:02,0.996602366604965,0.000148722473808484
HG02085,01:03,01:03,0.950479871279687,1.98415645998128e-06
HG02086,01:03,02:02,0.978170589227977,4.29597980149475e-05
HG02087,02:01,02:02,0.887056262886756,6.82923628367046e-05
HG02088,02:01,02:02,0.874482473869136,1.21712194362306e-05
HG02113,01:03,02:02,0.977622932223089,2.83826217421281e-05
HG02116,02:01,02:02,0.855224080907873,5.71951046737065e-06
HG02121,01:03,02:02,0.986719495482811,0.000212185985381934
HG02122,02:02,02:02,0.990160566569099,0.000146257771101374
HG02127,01:03,02:02,0.949583285529289,0.000152173180367847
HG02128,02:02,02:02,0.942335692246465,0.000169008209309132
HG02130,01:03,02:02,0.998830805199764,0.000164891831405267
HG02131,01:03,04:01,0.922081967930992,6.13743770566194e-06
HG02133,01:03,02:02,0.99141919883918,3.88626434274841e-05
HG02134,02:02,02:02,0.805693811075491,4.38194737047441e-06
HG02136,02:02,02:02,0.996639290217306,0.000141794020036208
HG02137,01:03,02:01,0.806176484624176,4.36189181959184e-06
HG02138,02:02,02:02,0.9534462789939,2.28631412214971e-05
HG02139,01:03,02:01,0.964782413798313,4.5278610737267e-05
HG02140,01:03,02:02,0.915512406367378,2.23893571486498e-07
HG02141,01:03,02:02,0.99410737727214,0.000168455516276098
HG02142,02:02,02:02,0.998836405465737,0.000133919352709499
HG02151,02:02,02:02,0.999652768698924,0.000906751428225026
HG02152,02:02,02:02,0.993077454390381,1.72870313204922e-05
HG02153,02:02,02:02,0.991738926037776,2.79305369520794e-05
HG02154,01:03,02:02,0.980244028712719,0.00047879757858181
HG02155,02:02,02:02,0.907760668808982,7.0546694254661e-05
HG02156,02:02,02:02,0.993857690303754,0.000138247703640543
HG02164,01:03,02:02,0.991669101759955,0.000210650806672755
HG02165,02:02,02:02,0.989445187708317,0.000406141227711876
HG02166,01:03,02:02,0.991395048683357,0.000214684301570517
HG02178,02:01,02:02,0.900146340571553,8.96289094385954e-05
HG02179,02:02,02:02,0.999657534211424,0.000797839062121609
HG02180,01:03,02:02,0.98170219911248,2.21307087833567e-05
HG02181,02:02,02:02,0.999666568960755,0.000114163653431077
HG02182,01:03,02:02,0.996455651079627,0.000214061655197636
HG02184,02:01,02:02,0.912595329286448,3.00643342241392e-05
HG02185,01:03,02:02,0.954074425818392,0.000127983559728145
HG02186,02:02,02:02,0.901610660629187,8.39097025221144e-05
HG02187,01:03,02:02,0.996594669447642,0.000494908789160792
HG02188,02:02,02:02,0.988732041632372,0.00116416342432373
HG02190,02:02,02:02,0.999998267710156,0.00015668279452096
HG02250,02:02,02:02,0.990418449909237,0.000103605351001184
HG02351,01:03,02:02,0.913755700972919,6.71854057129592e-06
HG02353,01:03,02:02,0.996706031131724,0.0003348137331728
HG02355,01:03,02:02,0.981730894404039,1.0190316918135e-05
HG02356,01:03,02:02,0.991847106464051,0.000130254621636172
HG02360,02:02,04:01,0.796086850745208,6.65171932206267e-05
HG02364,02:01,02:02,0.824753460050559,9.86902666819932e-06
HG02367,01:03,01:03,0.898979256104377,1.33012475662912e-05
HG02371,02:02,02:02,0.993559732107668,0.000826863885845413
HG02373,02:02,02:02,0.997283806658407,6.39852352073655e-05
HG02374,02:02,02:02,0.996608543021456,1.88051533178035e-05
HG02375,02:02,02:02,0.994365336770536,0.00130049761680963
HG02379,02:02,02:02,0.999759132992174,0.00065354393077854
HG02380,02:02,02:02,0.989036797374974,0.000264813735671246
HG02382,01:03,02:02,0.989002167630478,0.000165241924043459
HG02383,02:02,02:02,0.996328881781556,0.000362637297365678
HG02384,01:03,02:02,0.988983046842814,6.73828323694831e-05
HG02385,01:03,02:02,0.899845278205371,7.93725179137228e-06
HG02386,01:03,02:01,0.907859064862199,5.894680890508e-06
HG02389,02:02,02:02,0.867656927171254,1.53260596242983e-05
HG02390,02:01,02:02,0.964082522988572,3.82979901028224e-05
HG02391,01:03,02:02,0.999923291808466,4.01787682474328e-05
HG02392,02:01,02:02,0.957851465734254,5.49813468115614e-05
HG02394,01:03,02:02,0.984677749716373,2.6924954565273e-05
HG02395,02:02,02:02,0.875739796021821,1.47659551981017e-05
HG02396,01:03,02:02,0.911785227617614,2.93230465228499e-05
HG02397,02:01,02:02,0.814573543869483,1.46298884481372e-05
HG02398,01:03,02:02,0.977900349738982,0.0001744677735072
HG02399,02:01,02:02,0.986820673654289,6.35565572184247e-05
HG02401,02:02,02:02,0.860861545321206,1.83920705468365e-06
HG02402,02:02,02:02,0.993452237092704,1.50270549091821e-05
HG02406,02:01,02:02,0.985812618295843,5.30511611778084e-05
HG02407,02:02,02:02,0.876543454351106,8.42740351630529e-06
HG02408,02:02,02:02,0.99935211777269,0.000786413886268347
HG02409,01:03,02:02,0.999784576219546,0.00033277970792473
HG02410,01:03,02:02,0.985593515583674,0.000305310501593597
HG02512,01:03,02:02,0.980976187037867,1.722007224466e-05
HG02513,02:02,02:02,0.9853223366261,4.55061183983582e-05
HG02521,01:03,01:03,0.980202772787312,2.13003171419804e-06
HG02522,02:02,02:02,0.870324915413756,0.000100919947465398
NA18525,02:02,02:02,0.990661949947325,1.39130926276392e-05
NA18526,01:03,02:02,0.988924449340908,5.51686194849296e-05
NA18528,02:02,02:02,0.918963205602487,1.11297387895798e-05
NA18530,02:01,02:01,0.637991667660302,2.00989831456925e-07
NA18531,01:03,01:03,0.991113656886011,3.40141955835319e-05
NA18532,01:03,02:01,0.96025786924191,7.01233595555465e-06
NA18533,02:02,02:02,0.985435311439733,0.00131620543412378
NA18534,02:02,02:02,0.93033466059816,1.4416431820383e-05
NA18535,01:03,02:02,0.984946007295462,5.68343531507279e-05
NA18536,01:03,02:02,0.998527824398972,0.000275692564544431
NA18537,02:02,02:02,0.996695423339646,0.000124717004830805
NA18538,01:03,02:01,0.749158732346096,2.47586204328126e-06
NA18539,01:03,02:02,0.999677890243134,0.000272205466163392
NA18541,01:03,02:02,0.711652966639366,1.43370489712474e-05
NA18542,01:03,02:02,0.980931453717264,0.000196873912896256
NA18543,01:03,02:02,0.996466661192806,6.73226497930807e-05
NA18544,01:03,02:02,0.865441077232213,5.62291013470362e-08
NA18545,01:03,04:01,0.901922713221934,1.35268352176453e-05
NA18546,01:03,02:02,0.978086211217716,9.45101180663644e-06
NA18547,02:01,02:02,0.862742611356343,2.16257739660797e-05
NA18548,01:03,02:02,0.991461862434144,9.13092233602598e-05
NA18549,01:03,02:01,0.966893088207302,7.52842472458983e-06
NA18550,01:03,02:02,0.969755739269931,0.000246959256491064
NA18552,01:03,02:02,0.969232593358174,8.38642281494493e-05
NA18553,01:03,01:03,0.83210091392664,1.93167671282091e-06
NA18555,02:02,02:02,0.999350477567605,0.000405426844137706
NA18557,02:02,02:02,0.999868593880842,0.000624021519666111
NA18558,02:02,04:01,0.91550505916195,0.000134655286364022
NA18559,01:03,02:02,0.991613072981225,5.75988853546833e-05
NA18560,02:01,02:02,0.931310788398002,1.36269473681172e-05
NA18561,01:03,02:02,0.99032125221209,5.54284108342514e-05
NA18562,01:03,02:02,0.994882969772786,5.96375058240127e-05
NA18563,01:03,01:03,0.978095811734184,3.67041522724466e-05
NA18564,02:01,02:02,0.987624091724285,5.84997379936044e-05
NA18565,01:03,02:02,0.986393105693504,0.000522872757224257
NA18566,01:03,02:02,0.999049390883865,0.000180094106768632
NA18567,01:03,02:02,0.976184814411532,2.11117438664049e-06
NA18570,01:03,02:02,0.995278772475824,2.22297810293763e-05
NA18571,01:03,01:03,0.978192781075284,3.34768888097461e-06
NA18572,01:03,02:01,0.921958252308581,5.5251512947761e-06
NA18573,02:02,02:02,0.99782097020649,0.000845973461387384
NA18574,02:01,02:02,0.906780227937,7.11390741542157e-06
NA18577,01:03,01:03,0.992041777892699,2.04395491685113e-05
NA18579,01:03,02:02,0.971090841818744,1.67267214611114e-05
NA18582,01:03,02:02,0.998701487162949,4.18857518134147e-05
NA18591,01:03,01:03,0.975014609136712,2.2967332161041e-05
NA18592,01:03,02:02,0.986470199748588,3.19644042271761e-05
NA18593,01:03,02:02,0.999483682589193,4.93745150635002e-05
NA18595,01:03,02:02,0.915628018426251,2.80837292866998e-06
NA18596,01:03,02:01,0.992896979019802,4.41145723079997e-06
NA18597,01:03,02:01,0.89038398575785,1.04701215016712e-05
NA18599,02:02,02:02,0.995016025661459,5.31715748450337e-05
NA18602,02:02,02:02,0.996822389849416,0.000116711155327878
NA18603,02:02,02:02,0.995750801314312,0.000299153927069383
NA18605,02:02,02:02,0.952081476653032,1.67986165419323e-05
NA18606,02:02,02:02,0.972020919234314,0.000301675864516342
NA18608,01:03,02:02,0.999544868937926,0.000276558311751344
NA18609,01:03,02:02,0.930741010328049,1.22293633529832e-06
NA18610,01:03,02:02,0.988188406136206,0.000180700926927887
NA18611,01:03,02:02,0.999347955716071,8.36775025743336e-05
NA18612,01:03,02:02,0.964706409378671,2.03181194478353e-06
NA18613,01:03,01:03,0.988309958908881,2.82099150877414e-05
NA18614,01:03,02:01,0.983717989460109,0.000108333813471849
NA18615,02:01,02:02,0.994892928949916,2.70763319055087e-05
NA18616,01:03,02:02,0.992271957047767,7.38788390712371e-05
NA18617,01:03,02:02,0.999729011486599,0.000656942025251251
NA18618,01:03,02:01,0.925404623269026,4.93220280086861e-06
NA18619,01:03,02:02,0.926276028029069,2.0096510753111e-06
NA18620,01:03,02:02,0.91440305610192,6.86112086304694e-06
NA18621,02:02,02:02,0.976688572198162,0.000180202265255876
NA18622,01:03,02:02,0.994943840578339,0.000439212569316134
NA18623,01:03,02:01,0.987127182264929,7.13393967937973e-06
NA18624,02:01,02:02,0.974756912754174,3.74171046271896e-05
NA18625,02:01,02:02,0.971178344764624,1.39682804698926e-05
NA18626,01:03,01:03,0.931963521640386,3.4092766093379e-07
NA18627,02:02,02:02,0.99185876122098,0.000298980269289539
NA18628,01:03,02:02,0.990444630031553,0.000322866499619451
NA18629,02:02,02:02,0.990373343516962,0.000792069641573389
NA18630,02:02,02:02,0.977327102494642,6.84185346283869e-05
NA18631,02:02,02:02,0.999877086288769,0.00156908889094007
NA18632,01:03,04:01,0.991497792338723,0.00028494781281445
NA18633,02:02,02:02,0.998045415001545,0.00118980030487109
NA18634,02:02,02:02,0.995111482303306,0.000752448167594819
NA18635,01:03,02:02,0.951186739999278,5.41945946910381e-05
NA18636,01:03,02:02,0.999654423955258,6.75071418092855e-05
NA18637,02:02,02:02,0.998668079986646,0.000204184844877166
NA18638,01:03,01:03,0.997819371346919,0.00045779183612751
NA18639,01:03,02:02,0.88086646922868,3.23751357928801e-05
NA18640,01:03,02:01,0.823292200595326,3.18213651866289e-06
NA18641,01:03,02:02,0.998967642809771,0.000253073602170571
NA18642,01:03,02:02,0.987250287360219,2.09178939749143e-05
NA18643,02:02,02:02,0.989002039101679,0.000518877852832744
NA18644,01:03,02:02,0.979502183778137,4.51376253966619e-06
NA18645,02:01,02:02,0.997084702328598,6.6340679017016e-05
NA18646,01:03,02:02,0.982670309365895,6.00819879056453e-06
NA18647,02:01,02:02,0.988227363044264,1.29634578838679e-05
NA18648,01:03,02:01,0.849692494091218,7.78959192718748e-06
NA18740,02:02,02:02,0.979851028884218,0.000316715561673472
NA18745,01:03,02:02,0.918481389135488,1.7003007265452e-05
NA18747,02:02,02:02,0.99727402808427,5.45803860852248e-05
NA18748,01:03,02:01,0.980674899340878,4.57392365227663e-05
NA18749,01:03,01:03,0.761991624715962,2.96974595518342e-07
NA18757,01:03,02:02,0.994895438433539,6.66830672997469e-05
NA18939,01:03,02:02,0.998835554881641,0.000153503374538778
NA18940,01:03,01:03,0.976738092164186,4.14634700967806e-06
NA18941,02:02,02:02,0.999785688261681,0.000608780722799108
NA18942,02:02,02:02,0.994012428464819,0.000175780280235512
NA18943,01:03,02:02,0.998740180502981,0.000360834995244677
NA18944,01:03,02:02,0.999998653965447,0.00021506858107002
NA18945,01:03,02:02,0.994166338200313,6.67783142157445e-05
NA18946,01:03,02:02,0.982568323388465,6.45778691138523e-05
NA18947,02:01,02:01,0.89800862876183,2.56884368708385e-06
NA18948,01:03,02:01,0.989033115938373,6.24510675165568e-06
NA18949,01:03,01:03,0.996311248243407,8.23275869243872e-06
NA18950,01:03,02:02,0.989600969523832,4.51021098882087e-05
NA18951,01:03,02:02,0.976878942488409,0.000303088423042251
NA18952,02:01,02:02,0.941523030351269,7.42462435811535e-06
NA18953,02:02,02:02,0.998136912845999,0.000759584744351357
NA18954,01:03,02:01,0.944639322557786,4.82931724503353e-06
NA18956,02:01,02:02,0.953568268828528,2.55019382030254e-05
NA18957,01:03,02:01,0.917430727464609,4.73455365850709e-07
NA18959,02:01,02:02,0.979854925391615,8.8862044801966e-06
NA18960,02:02,02:02,0.994713346620757,0.00156643825062121
NA18961,02:02,02:02,0.99942887707168,0.000776335185194361
NA18962,01:03,02:01,0.934152064254781,3.92863069783938e-06
NA18963,01:03,01:03,0.983783726064885,4.16036780566833e-06
NA18964,01:03,01:03,0.989263462425252,1.71907263386262e-05
NA18965,01:03,02:02,0.99002578392562,3.16876181949054e-05
NA18966,02:01,02:02,0.906483014335146,6.03899941643072e-06
NA18967,01:03,02:02,0.999372268635848,5.29811379430006e-05
NA18968,01:03,02:02,0.987418873492036,3.65874336960517e-05
NA18969,01:03,02:01,0.977943405509729,1.50689974484773e-05
NA18970,02:01,02:02,0.93556518865857,5.20972001039779e-05
NA18971,02:02,02:02,0.999580721146805,0.000751686980685177
NA18972,01:03,02:02,0.979040871264896,0.000204932734001263
NA18973,02:02,02:02,0.989812844245476,0.000280591646691246
NA18974,01:03,01:03,0.999313541448301,1.3503492241261e-05
NA18975,01:03,01:03,0.986573695671329,2.06376245243423e-05
NA18976,01:03,01:03,0.984181165870299,4.05488187065709e-06
NA18977,02:02,02:02,0.99132294894107,0.000702215772253428
NA18978,02:02,02:02,0.998552442106789,0.000504149478733788
NA18979,02:01,02:02,0.966927947558928,6.11190102790991e-05
NA18980,01:03,01:03,0.822689371309032,1.84741676438363e-06
NA18981,01:03,02:02,0.98132949633885,0.000108701742006337
NA18982,02:01,02:02,0.937686738351775,4.25605655093781e-06
NA18983,01:03,02:02,0.999738872408572,0.000329153440161898
NA18984,01:03,01:03,0.958710350207961,6.22350981938996e-06
NA18985,02:02,02:02,0.989407079040259,6.45523040703966e-05
NA18986,01:03,02:02,0.985277944966953,2.78518476635738e-05
NA18987,02:02,02:02,0.952905034542654,2.56399784446888e-05
NA18988,01:03,01:03,0.994358518083514,2.25630151821561e-05
NA18989,02:01,02:02,0.904332401184669,3.49239891394536e-07
NA18990,02:02,02:02,0.966927979000141,5.08244128291153e-05
NA18991,01:03,01:03,0.996181626525498,3.61121978818602e-05
NA18992,01:03,02:01,0.964164460432258,1.02840650070699e-06
NA18993,01:03,02:01,0.764323523614335,5.56687105129337e-07
NA18994,01:03,01:03,0.849867947514743,4.77178088774416e-06
NA18995,01:03,02:02,0.989054683905459,8.84876743265085e-05
NA18997,01:03,02:02,0.999085749339799,0.000289355741191659
NA18998,01:03,02:01,0.932727719216781,6.3869341690706e-06
NA18999,01:03,02:02,0.991688974642005,0.000191505374447806
NA19000,01:03,02:02,0.989769575732507,0.00034554332657186
NA19001,02:01,02:02,0.880776530045534,3.72337788046862e-05
NA19002,01:03,02:02,0.889639228514726,4.62235514535244e-07
NA19003,02:01,02:02,0.973465456452645,0.000154432247170456
NA19004,02:01,02:02,0.884532007581584,1.65843346858399e-05
NA19005,01:03,02:02,0.9888907000534,6.07525854020932e-05
NA19006,01:03,02:02,0.997543267187879,0.000227006357439569
NA19007,02:02,02:02,0.891446188834718,1.30240122134146e-05
NA19009,02:01,02:02,0.974353873325612,2.96640830287712e-05
NA19010,02:02,02:02,0.897794990914396,1.55463715003211e-05
NA19011,01:03,01:03,0.981915810289425,4.96949530206058e-06
NA19012,02:02,02:02,0.994602852369082,2.51761338086103e-05
NA19054,02:02,02:02,0.982660643046939,3.97892991564013e-06
NA19055,01:03,02:02,0.889559636662886,1.1448155893439e-05
NA19056,02:01,02:02,0.97532576620244,3.48513320999805e-05
NA19057,01:03,02:01,0.895752276752606,5.17868892147378e-06
NA19058,01:03,02:02,0.996129546921532,0.000219739990427712
NA19059,01:03,02:02,0.987859907833945,0.000126159109914825
NA19060,01:03,02:02,0.993051825932425,0.000195542442482015
NA19062,01:03,02:02,0.86648012574669,8.53785493290518e-07
NA19063,01:03,01:03,0.994020841669535,1.78175826758297e-05
NA19064,02:01,02:02,0.917831243287909,1.18306784198536e-05
NA19065,01:03,01:03,0.99664442411059,7.40231970975793e-06
NA19066,02:01,02:02,0.930951725954658,1.67477367472999e-05
NA19067,02:02,02:02,0.999455911000539,0.000384512260175576
NA19068,02:01,02:02,0.967079530140248,4.89697129847323e-05
NA19070,02:01,02:02,0.955208733154498,5.48218660340374e-05
NA19072,01:03,02:02,0.996135780861256,8.76238239329646e-05
NA19074,01:03,02:02,0.999930656894214,0.000218542346493988
NA19075,02:02,02:02,0.988335390147623,5.4221225082857e-05
NA19076,01:03,01:03,0.993352524058783,2.14314812576277e-05
NA19077,01:03,01:03,0.990262159636856,1.38891014560049e-05
NA19078,01:03,02:02,0.999799220232261,0.000651037097986405
NA19079,02:02,02:02,0.884635489781885,7.90783931139517e-07
NA19080,01:03,02:02,0.994328716869502,0.000333032961262554
NA19081,01:03,02:01,0.958964045166759,8.1629567802859e-06
NA19082,01:03,01:03,0.977756840062239,2.97944507908073e-05
NA19083,01:03,01:03,0.971948785604834,8.52119929041434e-06
NA19084,02:02,02:02,0.99224140307467,0.000582434620093649
NA19085,01:03,01:03,0.965562997421499,3.20678215039939e-06
NA19086,01:03,01:03,0.97087060048396,1.03439153292987e-05
NA19087,02:01,02:02,0.963779810913956,1.96214533405613e-05
NA19088,01:03,01:03,0.995842380503026,6.18740544793568e-05
NA19089,01:03,01:03,0.990300069989195,1.58009185746906e-06
NA19090,02:02,02:02,0.991116681685921,0.000302701775136303
NA19091,02:02,02:02,0.990696641969272,0.000614489355901145
