sample.id,B.1,B.2,B.prob,matching
HG00403,13:01,35:01,0.991304176814159,3.49114283756862e-05
HG00404,15:01,40:02,0.41492213479631,5.79038358139766e-08
HG00406,07:02,15:02,0.986349212358365,0.00061403930473176
HG00407,40:01,40:02,0.904355001146348,1.29183937798378e-06
HG00409,40:01,46:01,0.840824939588286,1.07469032889236e-05
HG00410,40:01,40:01,0.999999988441547,5.27547315113577e-06
HG00419,13:01,40:01,0.992744158142069,1.34687855371711e-05
HG00421,13:02,46:01,0.930310225892961,0.000533982936356219
HG00422,13:01,44:03,0.73667954917829,5.49133830108684e-07
HG00428,13:02,46:01,0.950127961937017,0.000512428848847373
HG00436,48:01,54:01,0.917025384777898,7.18712986725425e-06
HG00437,40:01,51:01,0.952254192122893,2.69018437119361e-05
HG00442,40:01,40:02,0.709617514578781,2.86311528937496e-08
HG00443,13:01,54:01,0.138808769717087,3.01762230977338e-17
HG00445,07:02,67:01,0.759503482690288,0.000144226284442853
HG00446,13:01,40:01,0.993158323768473,1.58253789813419e-05
HG00448,46:01,55:01,0.313360384614416,3.72668348487657e-07
HG00449,39:01,46:01,0.699680281029327,2.23806197234577e-05
HG00451,15:01,40:01,0.831215996098404,2.13035817967713e-05
HG00452,40:01,55:02,0.483941965735859,6.51612190358084e-08
HG00457,38:02,46:01,0.614963657692156,9.76176883231382e-06
HG00458,15:01,46:01,0.888319222694489,0.000232165145313431
HG00463,15:02,46:01,0.938436738485914,0.000447387105149275
HG00464,15:01,40:01,0.618523532565795,4.27480775817887e-07
HG00472,15:01,57:01,0.708127147466002,5.67902135137181e-05
HG00473,46:01,58:01,0.940353832588246,0.000381848318294628
HG00475,13:01,58:01,0.995662952058761,0.000158862670281773
HG00476,40:01,40:01,0.652385942115616,3.24494106043574e-08
HG00478,40:01,40:01,0.999999983604141,8.07126592039526e-06
HG00479,46:01,55:01,0.365846368519867,6.8452380492281e-05
HG00500,40:01,46:01,0.925962312865385,5.67121451991878e-05
HG00513,40:01,54:01,0.66914539567078,4.11997665151532e-06
HG00524,40:06,46:01,0.910049915379604,0.000157437142581741
HG00525,07:02,35:01,0.952419220722804,2.13747148901562e-05
HG00530,39:01,39:05,0.413457522515814,1.54751626322234e-06
HG00531,35:01,46:01,0.930207914522556,4.57209434700357e-05
HG00533,39:01,48:01,0.632487515906118,8.84895818251513e-07
HG00534,46:01,57:01,0.92150687891799,0.000298262818550199
HG00536,15:02,46:01,0.942553444175039,0.000422412228235761
HG00537,46:01,46:01,0.759747944567256,7.84347335735859e-05
HG00542,46:01,58:01,0.948100579583816,0.000363638484440754
HG00543,35:01,46:01,0.93760430984151,0.000184075677741803
HG00556,40:01,40:01,0.984128743022209,7.138386857163e-06
HG00557,27:04,37:01,0.29367370853979,5.53170045024266e-13
HG00559,55:02,58:01,0.359950204548001,3.2837652276301e-05
HG00560,15:02,39:01,0.69180556263766,8.93452683382581e-05
HG00565,40:01,40:01,0.991758889209464,2.44846619416288e-06
HG00566,46:01,58:01,0.940353834662171,0.000420230337436925
HG00580,13:02,35:03,0.827968337136872,3.91341217518295e-05
HG00581,15:11,40:01,0.548536740397756,7.64312124537643e-06
HG00583,40:01,55:02,0.316619464330124,1.64488154312983e-05
HG00584,40:01,40:01,0.984360634582747,1.00473268816727e-05
HG00589,13:01,51:01,0.75029472402545,3.10186036791747e-06
HG00590,15:25,35:01,0.981633912362185,4.99030455423142e-06
HG00592,08:01,51:01,0.974394931174937,4.89989154363643e-05
HG00593,27:04,35:01,0.710866695487689,3.14640868116584e-07
HG00595,15:02,40:01,0.97695853936391,1.61778062396946e-05
HG00596,15:01,40:01,0.607060141182073,4.23276047965081e-07
HG00598,40:01,40:01,0.995044637932427,5.28023067969499e-06
HG00599,15:01,40:06,0.85692198009997,7.79252467260541e-06
HG00607,40:01,58:01,0.955816107861163,2.80107326578516e-05
HG00608,40:01,40:02,0.593116041053475,2.31172901571064e-06
HG00610,40:06,51:01,0.920877095722846,3.67837765832705e-05
HG00611,46:01,46:01,0.895330306325085,0.000291953378891229
HG00613,40:01,46:01,0.928193351742944,0.000125866006598604
HG00614,13:01,55:02,0.410981082405337,2.41690783965638e-05
HG00619,40:01,54:01,0.363575118044833,4.96202216350355e-12
HG00620,15:02,51:01,0.877540458315083,2.15468492063442e-05
HG00622,40:02,58:01,0.767392561955067,0.000121428419645516
HG00623,40:01,40:01,0.994235324006494,6.69824828170859e-06
HG00625,15:01,35:01,0.505924711219272,7.2146574237583e-06
HG00626,15:01,40:01,0.86526288366742,2.38174945753527e-05
HG00628,13:01,38:02,0.988976181443614,3.59851121609571e-05
HG00629,35:01,40:02,0.705699876216824,7.2051222888952e-07
HG00631,40:01,58:01,0.99982014223422,2.05306189373221e-05
HG00632,38:02,40:01,0.952322080904131,8.85718198050738e-06
HG00634,39:01,39:01,0.542815719198534,1.53103280892601e-05
HG00650,46:01,58:01,0.940051898828517,0.000409580137959808
HG00651,13:01,46:01,0.938266077890806,0.000243775515548399
HG00653,54:01,58:01,0.357848593086768,1.94608267139322e-07
HG00654,40:01,40:01,0.997283242319938,1.61533501571333e-05
HG00656,39:01,46:01,0.735394525435662,1.8529307330422e-05
HG00657,46:01,51:01,0.51096352472861,4.65551228171685e-06
HG00662,15:01,40:01,0.796073312150407,3.40076073926811e-05
HG00663,40:01,51:01,0.279514988815541,3.89273891088041e-08
HG00671,15:02,48:01,0.950223685890263,7.77102953272886e-06
HG00672,38:02,51:02,0.919720394507208,3.53446687802219e-06
HG00674,40:01,46:01,0.921839798593036,5.44851064526942e-06
HG00675,40:01,58:01,0.995119486378285,9.70031683201203e-05
HG00683,40:01,46:01,0.949957346379784,6.37910755234841e-06
HG00684,13:01,13:01,0.99999999999601,4.32973778326102e-05
HG00689,40:01,48:01,0.874945296172596,2.95599216132538e-07
HG00690,39:01,40:01,0.663977248277842,1.06699744411348e-05
HG00692,15:01,46:01,0.479061555416954,1.06136542684073e-06
HG00693,13:01,40:01,0.999930824108501,1.82106863702374e-05
HG00698,38:02,58:01,0.992715734166979,3.31890584207199e-05
HG00699,52:01,58:01,0.793761402888317,8.9675046307344e-07
HG00701,15:02,46:01,0.938436738485914,0.000447387105149275
HG00704,13:01,38:02,0.992037285207456,4.17442723413577e-05
HG00705,27:04,54:01,0.520713713154581,5.45905829384829e-12
HG00707,40:01,46:01,0.943593913291607,6.17836661154509e-05
HG00708,46:01,57:01,0.922439541875076,0.000307295908473242
HG00717,07:05,40:01,0.913658653907012,7.0957807477312e-06
HG00728,40:01,51:01,0.958511769870178,5.41771010558834e-05
HG00729,40:01,54:01,0.969884202433306,3.05268324256091e-05
HG00759,15:25,40:01,0.92581343442895,3.80320659215383e-07
HG00766,40:01,46:01,0.952998300077423,2.50427815080826e-05
HG00844,13:01,55:02,0.772231732978363,1.31940092724317e-06
HG00851,39:01,46:01,0.440255531770358,3.20303572644416e-06
HG00864,46:01,52:01,0.726996730075826,6.38903596303102e-06
HG00867,15:02,35:01,0.274664157398961,4.77764219269424e-12
HG00879,15:02,46:01,0.940254658825851,0.000277372334136442
HG00881,46:01,46:01,0.885848684293595,0.0003518857417244
HG00956,46:01,51:01,0.51096352472861,4.65551228171685e-06
HG00978,46:01,59:01,0.352821935954879,0.00010135648379065
HG00982,38:02,46:01,0.936900017531429,0.000102797587480325
HG01028,38:02,58:01,0.998143005607768,6.8972518039165e-05
HG01029,15:02,55:01,0.126039119068011,1.3279652309567e-12
HG01031,07:06,13:01,0.783838665717723,7.03757148115659e-07
HG01046,13:01,46:01,0.912723122428437,2.26080742381632e-05
HG01595,44:03,54:01,0.975639874848893,0.000134282840780359
HG01596,27:04,27:06,0.436245378565942,1.42272709971867e-07
HG01597,38:02,40:01,0.915893311245864,6.2537145747629e-06
HG01598,07:06,57:01,0.868144496639407,2.79204013183127e-06
HG01599,07:06,51:01,0.217627799271511,2.76495287813281e-14
HG01600,18:02,51:01,0.463998915705084,1.00467408879512e-06
HG01794,46:01,48:01,0.88137207023128,1.10743946960642e-05
HG01795,46:01,58:01,0.368865351405422,9.73541401667116e-11
HG01796,15:02,46:01,0.948435202016615,0.00038090026229599
HG01797,46:01,58:01,0.940353834662171,0.000420230337436925
HG01798,51:01,58:01,0.954176169771426,0.000123509123549906
HG01799,13:01,27:04,0.947832784476306,5.92877951491483e-06
HG01800,13:01,58:01,0.999815535841023,0.000108619323238639
HG01801,40:02,58:01,0.63489154390399,1.74513409874218e-09
HG01802,46:01,58:01,0.940353834662171,0.000420230337436925
HG01804,46:01,46:01,0.885848684293595,0.0003518857417244
HG01805,44:03,46:01,0.918379089048489,4.25313055269201e-05
HG01806,13:01,40:01,0.994425515303913,1.09693088846597e-05
HG01807,15:02,54:01,0.957225720462558,9.14990285048201e-05
HG01808,13:01,15:01,0.640737919300087,3.10467677442559e-05
HG01809,13:01,46:01,0.942083193304167,0.000128139495598665
HG01810,46:01,58:01,0.940353834662171,0.000420230337436925
HG01811,13:01,46:01,0.939563792207102,0.000202154110750651
HG01812,40:06,46:01,0.880234191473479,3.31522449423357e-05
HG01813,15:02,51:01,0.537207478244409,3.23719930382244e-06
HG01815,40:01,46:01,0.918412095088276,4.68740673870868e-05
HG01816,15:01,15:02,0.717193392999233,6.67583050204057e-05
HG01817,13:01,46:01,0.958455872965775,3.46034633069281e-05
HG01840,40:01,51:01,0.317248783628965,1.10241656269734e-13
HG01841,07:05,07:05,0.986465002454828,1.57067983177309e-05
HG01842,15:17,46:01,0.940393624545518,9.94534795359987e-05
HG01843,18:01,44:03,0.430760470767514,3.54438054158951e-07
HG01844,07:05,15:02,0.996741025844256,4.51935451767618e-05
HG01845,15:01,35:03,0.478346969014412,2.47765445772938e-07
HG01846,27:06,38:01,0.287767943937602,3.7505240426945e-08
HG01847,07:02,39:01,0.147531603416021,1.59688597992007e-12
HG01848,15:02,27:04,0.956289397111154,1.34981807768218e-05
HG01849,37:01,48:01,0.979634036575259,9.66601036135272e-07
HG01850,07:05,15:02,0.918230650618422,3.61113993169672e-05
HG01851,35:05,38:02,0.550741121568757,4.08863657430382e-05
HG01852,15:02,40:01,0.946913145661423,5.65168800870933e-06
HG01853,46:01,51:01,0.94502750522658,0.000151295968645554
HG01855,38:02,38:02,0.941215982793984,5.33188883942689e-06
HG01857,13:01,15:02,0.875974077620879,2.44106963638326e-06
HG01858,15:01,40:01,0.501731735008879,7.95442094675744e-06
HG01859,07:05,15:02,0.874935822528031,9.214419249605e-06
HG01860,07:02,07:05,0.977744514540133,7.46641942930281e-05
HG01861,15:02,40:01,0.979559732888538,3.24996504626655e-05
HG01862,46:01,51:01,0.809153351053996,0.000177750618872198
HG01863,46:01,55:02,0.191458324358294,7.26357206592776e-10
HG01864,54:01,58:01,0.950561532421288,0.000163356467560685
HG01865,40:01,57:01,0.700168728701659,3.04743470789763e-06
HG01866,15:25,58:01,0.441051649280083,6.21936790989028e-07
HG01867,58:01,73:01,0.750541352323397,3.67066155271722e-07
HG01868,15:11,46:01,0.568546810056742,0.000173610376325628
HG01869,15:02,15:25,0.997152415716536,2.11945555710806e-05
HG01870,07:05,15:25,0.991599500922437,7.3888836508929e-06
HG01871,15:02,48:01,0.950223874018532,5.86537516723259e-06
HG01872,27:04,35:01,0.119394597686316,2.09094704143386e-14
HG01873,35:03,55:02,0.678075291238748,8.66056529448115e-07
HG01874,40:01,57:01,0.958031625231172,1.60847149635302e-05
HG01878,40:06,46:01,0.122685627058888,2.10389080222427e-08
HG02016,13:02,58:01,0.985720476773402,0.000159991658563213
HG02017,38:01,57:01,0.583543083355833,9.12987049602089e-07
HG02019,07:06,13:01,0.898094018975367,3.35386326612527e-06
HG02020,44:03,46:01,0.947591084256857,0.000229426612533024
HG02023,46:01,52:01,0.92180475604344,7.74445457320496e-05
HG02025,38:02,46:01,0.934791161423953,9.57594321871548e-05
HG02026,07:05,39:01,0.411940409837058,3.67149078355096e-06
HG02028,15:25,46:01,0.938822246152312,3.42906926064798e-05
HG02029,15:02,40:02,0.70767270940264,1.51709854079064e-06
HG02031,40:01,51:02,0.859709340486513,4.4038861903074e-07
HG02032,15:18,46:01,0.913711222187288,3.03280836510742e-05
HG02035,07:05,39:01,0.185829946379447,8.1863448196527e-12
HG02040,07:05,46:01,0.933006339565932,0.00013774570399959
HG02047,15:02,38:02,0.983725463779558,5.18270661988035e-05
HG02048,07:05,07:05,0.986465002457727,1.53030898787352e-05
HG02049,15:02,40:01,0.13885612950705,8.76042843972925e-14
HG02050,38:02,54:01,0.973077643830671,4.85726443644155e-05
HG02057,13:01,48:01,0.374129535317515,3.38978801369623e-08
HG02058,15:02,58:01,0.369719244362971,1.91668998592289e-06
HG02060,15:02,38:02,0.986732476998851,7.76499336834144e-05
HG02061,15:11,46:01,0.511300429711417,0.000180593852478951
HG02064,07:02,46:01,0.935092659542015,0.000978455433897543
HG02067,15:25,35:01,0.819426574332688,1.89742442005991e-05
HG02069,51:01,58:01,0.788892907703189,1.42589333734032e-05
HG02070,07:05,13:01,0.88207445332997,1.06542867013123e-05
HG02072,35:05,40:01,0.570523204615106,9.45880967316574e-06
HG02073,15:01,15:25,0.670361923844963,1.07411271100318e-05
HG02075,15:01,15:01,0.209152965498147,4.45582272899447e-08
HG02076,15:02,46:01,0.938436738485914,0.000447387105149275
HG02078,07:05,15:02,0.99554571342462,6.61849688125407e-05
HG02079,15:25,56:04,0.243891510189446,1.14088703950235e-06
HG02081,57:01,58:01,0.981291254213564,0.000179572167048977
HG02082,46:01,58:01,0.940353834662171,0.000420230337436925
HG02084,15:18,57:01,0.958927404098173,1.2268927844343e-05
HG02085,07:02,40:01,0.979106466980113,8.3239841038367e-05
HG02086,15:02,38:02,0.153097652535776,2.98672377200069e-09
HG02087,51:01,55:02,0.214002512901174,1.3059369730766e-12
HG02088,38:02,46:01,0.934791161423528,8.0586141000009e-05
HG02113,15:10,18:02,0.38839808648467,1.54930391114332e-07
HG02116,18:02,38:02,0.443412058728209,3.59591642656188e-07
HG02121,15:02,58:01,0.984927300947719,0.000122109378180077
HG02122,13:01,44:03,0.650518367417097,1.09297175088818e-11
HG02127,40:01,46:01,0.940141681193421,8.74553447462164e-05
HG02128,15:01,38:02,0.515332839678867,1.80288356891155e-06
HG02130,15:02,38:02,0.993069118169899,7.16313288190979e-05
HG02131,46:01,58:01,0.9392983515819,9.04892263309318e-05
HG02133,15:18,55:01,0.281602323902945,1.66485627759154e-06
HG02134,15:01,15:11,0.431446621422625,2.63702718649497e-05
HG02136,46:01,55:02,0.216452889712707,9.03054668330089e-06
HG02137,15:11,51:01,0.54010761001628,5.20239645951744e-05
HG02138,15:25,50:01,0.991224961482254,2.79551711151287e-05
HG02139,07:05,38:01,0.615487398311116,7.01234479478563e-07
HG02140,07:05,57:01,0.969003844288916,5.39802096283143e-05
HG02141,51:01,58:01,0.951084829761414,3.65157397731629e-05
HG02142,51:01,54:01,0.685017367040832,1.0576050894939e-05
HG02151,13:01,46:01,0.931389947714797,0.000125027974911729
HG02152,13:01,46:01,0.929377229016267,0.000105620438127672
HG02153,13:01,51:01,0.935195768337998,4.74082974052145e-05
HG02154,27:04,46:01,0.923759967289571,5.32187319144556e-06
HG02155,13:01,40:06,0.591180274324128,4.65092116165573e-06
HG02156,40:01,46:01,0.867319921039147,7.43612058477611e-06
HG02164,38:02,46:01,0.407305004770911,6.76892860481624e-07
HG02165,27:04,46:01,0.90869420605544,2.23990845247981e-05
HG02166,40:06,46:01,0.903460882440768,2.82593730295893e-05
HG02178,46:01,52:01,0.709366531809874,5.81715681957764e-06
HG02179,13:01,40:01,0.922053431495396,1.40204796085668e-06
HG02180,44:03,46:01,0.940440740752595,0.000276702248087431
HG02181,46:01,46:01,0.885848684293595,0.0003518857417244
HG02182,46:01,54:01,0.280355950502765,9.10775247490281e-07
HG02184,40:06,46:01,0.602907233651648,1.11419948184868e-05
HG02185,13:01,13:01,0.968739009277788,1.27400807966166e-06
HG02186,15:02,46:01,0.939191139126738,0.0001856359489916
HG02187,15:02,46:01,0.938436738485914,0.000447387105149275
HG02188,40:01,46:01,0.922885581146303,3.44834156167719e-05
HG02190,07:06,13:01,0.771026933697712,4.83204472457179e-07
HG02250,13:01,39:01,0.710415694682722,3.34481885314584e-05
HG02351,13:01,58:01,0.949733875671088,2.48118790233229e-06
HG02353,40:01,51:01,0.330033456446724,1.37540511703978e-10
HG02355,15:25,46:01,0.917166256567723,3.06907495280681e-05
HG02356,54:01,58:01,0.928487073006756,0.000104414947643902
HG02360,15:02,27:04,0.953191247325227,1.36300247274718e-05
HG02364,07:05,13:01,0.24061841703838,2.24586145583181e-11
HG02367,15:01,46:01,0.578491408321755,1.73722631726389e-07
HG02371,40:01,46:01,0.931638325568627,2.32370595008992e-05
HG02373,38:02,54:01,0.225291350507658,4.13372738268064e-13
HG02374,15:02,58:01,0.999733395922698,0.000291646485425691
HG02375,13:01,46:01,0.468325648630106,8.03224762675297e-07
HG02379,27:04,46:01,0.909798594965897,1.1365513336754e-05
HG02380,15:01,58:01,0.656092318962051,7.1190409725691e-05
HG02382,15:02,58:01,0.902092428650993,2.37053245394235e-05
HG02383,46:01,51:01,0.51096352472861,4.65551228171685e-06
HG02384,39:01,40:01,0.425120914619852,1.15756176392305e-07
HG02385,27:04,46:01,0.90869420812937,2.36613908308389e-05
HG02386,15:02,40:01,0.97952651525849,2.47396031371636e-05
HG02389,35:01,46:01,0.608508265691572,1.10388619436285e-05
HG02390,13:01,15:02,0.99908651485467,7.95902807386478e-05
HG02391,13:01,40:01,0.990086262907617,1.24954190269109e-05
HG02392,27:06,40:01,0.295172300742838,1.65354336638063e-08
HG02394,38:02,56:01,0.44323707842396,3.36100132358845e-07
HG02395,27:04,38:02,0.444938827245426,5.18730397661522e-07
HG02396,39:01,46:01,0.403172485702446,1.30544970333256e-05
HG02397,46:01,51:01,0.51096352472861,4.65551228171685e-06
HG02398,46:01,46:01,0.866488282235248,0.00023902990575464
HG02399,40:01,46:01,0.748379827093623,1.87226092094583e-08
HG02401,13:01,38:02,0.28552193992485,9.73209727191093e-13
HG02402,51:01,54:01,0.358564222645905,5.6348175257925e-08
HG02406,15:02,46:01,0.930498189857784,0.000336021708813364
HG02407,35:01,54:01,0.619477179010784,6.24918788281904e-06
HG02408,46:01,51:01,0.898328186177172,4.49511215998988e-05
HG02409,15:02,55:02,0.536532396344179,1.65131086598786e-06
HG02410,13:01,46:01,0.939485718146423,0.000170547792683854
HG02512,44:03,55:02,0.333772505682114,2.29035684250946e-05
HG02513,15:02,46:01,0.938436738485914,0.000447387105149275
HG02521,07:05,15:02,0.996775025130433,8.10689643805921e-05
HG02522,46:01,46:01,0.885848684293595,0.0003518857417244
NA18525,07:02,40:06,0.952766391068243,0.000120704578036209
NA18526,40:01,58:01,0.998652706846837,5.82453324778723e-05
NA18528,13:01,51:01,0.501315364855376,1.32631182944245e-11
NA18530,44:03,81:02,0.419740372478754,8.26444481555804e-08
NA18531,15:01,39:01,0.171515481762561,5.5161399392575e-09
NA18532,13:02,15:18,0.948615371948496,2.23940889069165e-05
NA18533,46:01,54:01,0.932296299606243,0.000271124968153476
NA18534,15:01,58:01,0.947448843687844,0.000147971088449455
NA18535,07:02,51:01,0.89770127985437,8.65691417340375e-06
NA18536,39:01,51:02,0.220535093752384,2.58570820534572e-13
NA18537,38:02,46:01,0.427462576213659,4.92436724920948e-06
NA18538,15:01,58:01,0.946116999518406,0.000154987773568826
NA18539,39:01,54:01,0.701905219228349,6.19731996809904e-05
NA18541,14:01,51:01,0.969096361447994,2.23138300080596e-05
NA18542,46:01,58:01,0.94005189882839,0.000350641776032645
NA18543,13:01,46:01,0.961019225926175,0.000135624606468105
NA18544,07:02,52:01,0.991044098343536,0.00239230892644548
NA18545,40:01,40:01,0.987949968390931,2.48173156272133e-06
NA18546,40:01,58:01,0.983742290791013,2.75860542699177e-05
NA18547,15:02,38:01,0.553973353931492,6.52130443447237e-06
NA18548,40:02,51:01,0.399549479399253,2.4553931022808e-06
NA18549,55:02,58:01,0.719559151574808,1.18907231960381e-06
NA18550,13:01,46:01,0.936812302466772,0.000137507298869911
NA18552,40:06,46:01,0.713624554387602,2.43767765784735e-05
NA18553,08:01,27:05,0.982194449466792,2.99244904870513e-05
NA18555,07:06,54:01,0.825364777504467,4.11756561815251e-06
NA18557,35:03,44:02,0.857000885873845,7.94999139522177e-07
NA18558,48:01,67:01,0.784994969425764,3.8030635011096e-07
NA18559,15:02,37:01,0.977754238768618,4.99955782723882e-05
NA18560,08:01,55:02,0.345963459719653,7.98532799847965e-06
NA18561,39:01,59:01,0.362335622888355,6.94701384188073e-06
NA18562,51:01,52:01,0.841772923453591,1.9604112244912e-06
NA18563,48:01,51:01,0.924203464954132,1.91088592917235e-06
NA18564,13:01,13:02,0.99990216547091,0.000135123394957911
NA18565,51:01,52:01,0.182314941187457,8.76765852731323e-09
NA18566,08:01,35:01,0.996760021249359,3.01368528172735e-05
NA18567,13:02,50:01,0.988385282499551,0.000320331400689433
NA18570,15:01,15:11,0.441694735522901,2.44522349729859e-05
NA18571,40:01,51:01,0.720805667138992,1.76814897306176e-07
NA18572,15:01,54:01,0.71255772894989,5.92285767301366e-05
NA18573,46:01,55:02,0.334375530366437,1.21746106602488e-06
NA18574,40:06,67:01,0.842144077535185,3.84606761441994e-05
NA18577,40:01,46:01,0.699355968439897,6.79258720284598e-06
NA18579,48:01,52:01,0.438608934348048,6.42312761703816e-06
NA18582,40:01,52:01,0.972380480867352,0.000209895042109775
NA18591,58:01,58:01,0.999999657352163,0.000151032088129266
NA18592,15:18,40:06,0.824022565435944,2.53312180769068e-06
NA18593,37:01,40:01,0.963199445590036,4.96957950648586e-06
NA18595,40:01,44:02,0.960678564242951,4.46776492291529e-06
NA18596,35:01,46:01,0.878724572592025,0.000295993846762326
NA18597,35:01,51:01,0.598108651434702,7.6694463540594e-06
NA18599,13:02,54:01,0.978370109812453,0.000269373049525011
NA18602,15:11,54:01,0.426257659908515,3.3325040147694e-05
NA18603,13:02,40:06,0.982473612234326,0.000128176383660968
NA18605,15:01,38:02,0.510869639073798,2.53511731113758e-05
NA18606,13:01,15:01,0.70322903040293,3.21796318814446e-05
NA18608,48:01,51:01,0.976529948392604,7.63501445398373e-06
NA18609,35:03,38:02,0.835712511267713,4.22734651879804e-06
NA18610,35:01,52:01,0.974209223428378,0.000294422776141117
NA18611,15:01,51:01,0.418070927948106,4.54993806345663e-07
NA18612,40:06,57:01,0.902871439773561,2.74632606889427e-05
NA18613,13:01,51:01,0.954682987423643,5.49420161632868e-05
NA18614,46:01,58:01,0.940051898828517,0.000409580137959808
NA18615,13:02,46:01,0.93990991079671,0.000556038055737959
NA18616,15:18,40:01,0.94366980055521,1.24938359130559e-06
NA18617,40:01,58:01,0.971286720930506,2.27752083197395e-05
NA18618,15:01,40:01,0.707523474941562,1.09973578014458e-05
NA18619,40:01,58:01,0.985375178841524,6.09787494779871e-05
NA18620,07:02,40:01,0.298580652473891,3.31723800478928e-13
NA18621,15:18,46:01,0.527285425900764,1.62585293851402e-06
NA18622,35:03,51:01,0.347038931485983,1.19673259558236e-11
NA18623,13:02,40:01,0.99411016676171,4.0582706391605e-05
NA18624,13:02,52:01,0.993554627545049,0.0014757695276242
NA18625,37:01,46:01,0.793776180329485,1.38320913828905e-05
NA18626,40:06,50:01,0.47487805764177,4.12934780662174e-05
NA18627,15:01,51:01,0.880866271686421,5.75292778901064e-05
NA18628,46:01,58:01,0.940353834662171,0.000420230337436925
NA18629,15:01,46:01,0.88839447481496,0.000254263857952409
NA18630,15:02,40:01,0.753761263743817,2.18763133320054e-06
NA18631,35:01,40:01,0.700923920754323,9.66344519312579e-09
NA18632,46:01,58:01,0.940353834662171,0.000420230337436925
NA18633,54:01,54:01,0.933193843591422,7.93658747366209e-05
NA18634,40:02,46:01,0.566943969994316,2.74998890754375e-06
NA18635,40:06,51:01,0.924078314454309,4.05322320891539e-05
NA18636,40:01,46:01,0.935502782694842,5.89678165085176e-05
NA18637,15:01,39:01,0.587149738093644,1.38689383686492e-05
NA18638,40:01,58:01,0.994391065046413,4.23015313340539e-05
NA18639,15:02,54:01,0.970406697175408,0.000171737104597525
NA18640,46:01,46:01,0.874187284851402,0.000209699645144367
NA18641,40:01,51:01,0.940790253865023,1.60550916224121e-05
NA18642,07:02,38:01,0.956789601647453,0.000455451334814931
NA18643,40:06,46:01,0.645056767570823,5.34039470342202e-05
NA18644,15:01,40:06,0.264558167741803,2.56785608404573e-06
NA18645,40:02,58:01,0.788572157787078,3.03140091150744e-06
NA18646,35:01,51:01,0.95499586506993,1.68191265567518e-05
NA18647,13:02,44:02,0.996207755071179,2.62004615798359e-05
NA18648,40:02,46:01,0.569387385705015,0.000240438285516821
NA18740,13:01,40:01,0.999591463586958,1.61478762051629e-05
NA18745,38:02,48:01,0.2685513067842,7.30323300430165e-17
NA18747,07:02,15:01,0.553963552282997,1.22836959394132e-07
NA18748,07:02,58:01,0.99322617945962,0.000482331115211905
NA18749,13:02,44:03,0.999783697421849,4.05199214899759e-05
NA18757,07:02,59:01,0.872635952585769,0.000212333390140888
NA18939,27:04,67:01,0.765979854534309,2.90618541592858e-06
NA18940,46:01,52:01,0.934311469790475,0.00163403208253179
NA18941,15:01,40:01,0.533566966657742,4.06577350957963e-05
NA18942,35:01,44:03,0.990597840065214,1.40160679273657e-05
NA18943,35:01,46:01,0.93904250006773,0.000159207548130337
NA18944,40:02,51:01,0.826621768232424,1.14681635508597e-05
NA18945,15:01,44:03,0.949134705672234,7.57022105033652e-06
NA18946,07:02,52:01,0.977707573719626,0.000542891296615811
NA18947,52:01,52:01,0.989390193706564,0.00127250948384429
NA18948,07:02,13:02,0.986188210995118,0.000843814250492778
NA18949,07:02,40:02,0.756334696308771,0.000249241703530029
NA18950,07:02,52:01,0.990870348807281,0.00238499536012458
NA18951,40:01,59:01,0.798123424960009,2.7654877981032e-05
NA18952,07:02,51:01,0.913130814468291,0.000315197666045421
NA18953,40:01,40:02,0.856627277899964,1.88358839757256e-05
NA18954,13:01,52:01,0.9936094849513,0.000603217905795228
NA18956,15:01,40:02,0.470172676636407,6.29936383921928e-06
NA18957,52:01,52:01,0.985799705955253,0.00178328778961085
NA18959,52:01,67:01,0.852208700096775,0.000419473694155878
NA18960,40:06,54:01,0.917697803400702,4.98666819995055e-05
NA18961,51:01,54:01,0.914610122357064,1.77842173785218e-05
NA18962,07:02,52:01,0.990870348807281,0.00238499536012458
NA18963,40:02,44:03,0.549992820395308,5.40325848672473e-05
NA18964,35:01,40:02,0.830060568036218,5.88420873427268e-05
NA18965,40:06,56:01,0.932644501678314,4.32614560678654e-06
NA18966,15:01,35:01,0.793004443634776,8.54422902689866e-06
NA18967,40:02,51:01,0.760309958464235,0.000103486533893533
NA18968,40:01,51:01,0.984385973807844,4.25838184775609e-05
NA18969,48:01,52:01,0.967737372587059,3.04196342240119e-05
NA18970,15:18,54:01,0.907351002208667,8.85358601036247e-06
NA18971,40:02,40:02,0.390896220782292,4.17273229693485e-09
NA18972,40:02,59:01,0.648864510705263,3.1815361202803e-06
NA18973,15:01,46:01,0.481153254574611,0.000103882132733821
NA18974,39:01,40:01,0.963573168583124,5.78077294816861e-07
NA18975,07:02,15:01,0.834147485969956,0.000236852337317583
NA18976,44:03,44:03,0.999999998788778,6.0716493125059e-05
NA18977,35:01,59:01,0.524298132869489,9.09579590579471e-07
NA18978,40:02,44:02,0.298160128163135,2.56641809614029e-12
NA18979,52:01,55:02,0.447515373986281,1.14437363321198e-06
NA18980,13:01,40:01,0.709296431277869,1.96164218744191e-06
NA18981,51:01,51:01,0.972144039355796,6.85580283795016e-05
NA18982,48:01,52:01,0.959169854126527,1.43038309703084e-05
NA18983,15:01,35:01,0.821340747548823,0.000163307683124815
NA18984,44:03,52:01,0.993622063341184,0.000649102737971728
NA18985,51:01,54:01,0.585130186611311,4.71121742378683e-06
NA18986,35:01,40:01,0.982263930665317,1.40253429837042e-05
NA18987,40:06,46:01,0.919619787559589,8.01149045214246e-05
NA18988,07:02,38:02,0.988361279262252,0.000156022113008902
NA18989,40:06,54:01,0.475877702101959,2.74471874652605e-08
NA18990,40:02,44:03,0.91941160231683,1.86644194240742e-05
NA18991,40:06,52:01,0.656760827099233,0.000116742593502849
NA18992,44:03,52:01,0.993622063341184,0.000649102737971728
NA18993,35:01,39:01,0.969543702650357,5.491904213579e-06
NA18994,07:02,40:02,0.897081325109837,7.17083410207351e-05
NA18995,15:01,44:03,0.506158510638253,7.19693827449605e-05
NA18997,15:01,39:01,0.738427225858974,1.78607053254199e-05
NA18998,52:01,54:01,0.898053496294537,0.000509156200391951
NA18999,40:06,46:01,0.866900752757728,0.000113159557086384
NA19000,54:01,67:01,0.744187296678782,3.01702053181588e-05
NA19001,07:02,52:01,0.990157308189532,0.0017223215960887
NA19002,37:01,44:03,0.999999946797157,9.55526080789353e-05
NA19003,39:01,39:01,0.661377754909947,4.53391075423593e-06
NA19004,35:01,52:01,0.992134982411517,0.000412527870471192
NA19005,39:01,58:01,0.648144718620801,2.79923141712507e-05
NA19006,35:01,51:02,0.596284746766511,1.85353074986294e-06
NA19007,35:01,46:01,0.876420634748054,3.2425229268815e-05
NA19009,40:01,52:01,0.857977970974225,7.92879780463299e-06
NA19010,35:01,35:01,0.977829723661208,6.41734046951184e-06
NA19011,07:02,15:02,0.27206428742691,6.9514011851541e-06
NA19012,35:01,35:01,0.987908555137135,3.06727393852699e-06
NA19054,35:01,44:03,0.998340978714936,6.99600568539364e-05
NA19055,07:02,59:01,0.886304587610551,0.000220563464797656
NA19056,40:02,40:06,0.640140089293732,2.71165911927104e-05
NA19057,40:06,59:01,0.869727616734575,3.56612585268452e-05
NA19058,39:01,54:01,0.899206451840161,8.11294683192278e-06
NA19059,46:01,52:01,0.906934288224126,0.000414438091323242
NA19060,40:02,51:01,0.621905710972624,8.00241423566891e-07
NA19062,07:02,44:03,0.997563545194867,0.000125881895083156
NA19063,15:01,15:18,0.867156897618586,8.60488399406833e-06
NA19064,15:18,46:01,0.926843327979846,4.16641875184322e-05
NA19065,39:01,51:01,0.964297379909915,7.99064236930947e-06
NA19066,51:01,52:01,0.957987305814513,0.000418723233837751
NA19067,15:18,54:01,0.957772594771655,1.65994611186014e-05
NA19068,40:02,51:01,0.726224309643766,1.64919308599228e-05
NA19070,46:01,52:01,0.934310532792166,0.00146066279291858
NA19072,46:01,58:01,0.939247357964296,0.000447462291781108
NA19074,40:02,52:01,0.813249283605479,0.00048106824481399
NA19075,15:01,56:01,0.894507045688102,6.44182094294391e-06
NA19076,40:02,40:02,0.761694646147379,4.51541439717829e-05
NA19077,37:01,51:01,0.955161688947294,8.55566961538458e-05
NA19078,40:06,54:01,0.729990538393648,2.60829682456436e-05
NA19079,44:03,48:01,0.955349444974289,4.04425608031705e-06
NA19080,13:01,58:01,0.524201747828491,4.48146906888681e-12
NA19081,35:01,52:01,0.991678526247996,0.000405338585164301
NA19082,40:02,51:01,0.866622551218589,1.65296205512767e-05
NA19083,15:01,44:03,0.971452428889754,2.45533898214394e-05
NA19084,40:01,40:01,0.934737812353564,3.36536941954749e-06
NA19085,44:03,52:01,0.993622063341211,0.000693440530177641
NA19086,40:06,51:01,0.938235923642682,2.90088786103247e-05
NA19087,35:01,44:03,0.964334247413085,1.20826088609678e-05
NA19088,15:01,15:01,0.401175587934633,1.71194701454237e-05
NA19089,07:02,44:03,0.997376432223518,0.000387194483386102
NA19090,35:01,51:01,0.906284425166943,3.3767328572279e-05
NA19091,15:01,40:02,0.605262136021301,1.81415014871203e-06
